Timestamp,BO-PS-QF_getGain,BO-PS-CR4_getCurrent,BO-PS-INK_getVoltage,TL1-PS-CR4-Y_CurrentRBV,BO-PS-QF_getWaveformOffset,BO-PS-QD_getGain,TL1-PS-CR2-X_CurrentRBV,BO-PS-QD_getWaveformOffset,BO-PS-CR2_getCurrent,TL1-PS-CR3-Y_CurrentRBV,MIR1-MO-MC1_C_RBV,BO-PS-CR1_getCurrent,TL1-PS-CR2-Y_CurrentRBV,BO-PS-BM_getWaveformOffset,TL1-PS-CR3-X_CurrentRBV,BO-DI-DCCT1_getDcctCurrent,MI-PS-TC2_CurrentRBV,MI-PS-TC4_CurrentRBV,AGPS_getI_GUN_TRIG_REFERENCE,TL1-PS-CR4-X_OutputCurrent,BO-PS-CR6_getCurrent,BO-PS-INS_getVoltage,MI-PS-TC3_CurrentRBV,MI-PS-TC1_CurrentRBV,BO-PS-BM_getGain,BO-PS-CR5_getCurrent
2024-11-04 08:54:48+00:00,0.930908203125,-2.07593e-06,330.05,-0.0297,-0.12,0.889892578125,0.6129,-0.21,1.4126e-05,0.1229,146.39941522200388,1.26705e-06,0.407,0.17,0.28,0.0289662698,0.23,0.0499,0.6499999761581421,-1.4000056982,-0.100006,611.541,-0.1538,0.6999,0.950927734375,-0.199999
2024-11-04 08:54:49+00:00,0.930908203125,1.74398e-05,330.05,-0.0297,-0.12,0.889892578125,0.6129,-0.21,1.4126e-05,0.1229,146.39941522200388,-1.8274e-05,0.407,0.17,0.28,0.0276050732,0.23,0.0499,0.6499999761581421,-1.4000377655,-0.100006,611.541,-0.1538,0.6999,0.950927734375,-0.19998
2024-11-04 08:54:50+00:00,0.930908203125,1.74398e-05,330.05,-0.0297,-0.12,0.889892578125,0.6129,-0.21,-5.39659e-06,0.1229,146.39941522200388,-1.8274e-05,0.407,0.17,0.28,0.0286617566,0.23,0.0499,0.6499999761581421,-1.40001678467,-0.0999869,611.541,-0.1538,0.6999,0.950927734375,-0.19998
2024-11-04 08:54:51+00:00,0.930908203125,1.74398e-05,330.05,-0.0297,-0.12,0.889892578125,0.6129,-0.21,1.4126e-05,0.1229,146.39941522200388,-1.8274e-05,0.407,0.17,0.28,0.0276880234,0.23,0.0499,0.6499999761581421,-1.40001761913,-0.100006,611.541,-0.1538,0.6999,0.950927734375,-0.19998
2024-11-04 08:54:52+00:00,0.930908203125,-2.07593e-06,330.05,-0.0297,-0.12,0.889892578125,0.6129,-0.21,1.4126e-05,0.1229,146.39941522200388,-1.8274e-05,0.407,0.17,0.28,0.0291046458,0.23,0.0499,0.6499999761581421,-1.40001237392,-0.0999869,611.541,-0.1538,0.6999,0.950927734375,-0.19998
2024-11-04 08:54:53+00:00,0.930908203125,-2.07593e-06,330.051,-0.0297,-0.12,0.889892578125,0.6129,-0.21,-5.39659e-06,0.1229,146.39941522200388,-1.8274e-05,0.407,0.17,0.28,0.0290758592,0.23,0.0499,0.6499999761581421,-1.39997529984,-0.100006,611.541,-0.1538,0.6999,0.950927734375,-0.19998
2024-11-04 08:54:54+00:00,0.930908203125,1.74398e-05,330.051,-0.0297,-0.12,0.889892578125,0.6129,-0.21,1.4126e-05,0.1229,146.39941522200388,-1.8274e-05,0.407,0.17,0.28,0.0291349108,0.23,0.0499,0.6499999761581421,-1.39999437332,-0.0999869,611.542,-0.1538,0.6999,0.950927734375,-0.19998
2024-11-04 08:54:55+00:00,0.930908203125,1.74398e-05,330.051,-0.0297,-0.12,0.889892578125,0.6129,-0.21,1.4126e-05,0.1229,146.39941522200388,-1.8274e-05,0.407,0.17,0.28,0.0303498654,0.23,0.0499,0.6499999761581421,-1.40001153946,-0.0999869,611.542,-0.1538,0.6999,0.950927734375,-0.19998
2024-11-04 08:54:56+00:00,0.930908203125,1.74398e-05,330.051,-0.0297,-0.12,0.889892578125,0.6129,-0.21,1.4126e-05,0.1229,146.39941522200388,-1.8274e-05,0.407,0.17,0.28,0.0290849044,0.23,0.0499,0.6499999761581421,-1.40002524853,-0.100006,611.542,-0.1538,0.6999,0.950927734375,-0.19998
2024-11-04 08:54:57+00:00,0.930908203125,1.74398e-05,330.051,-0.0297,-0.12,0.889892578125,0.6129,-0.21,1.4126e-05,0.1229,146.39941522200388,-1.8274e-05,0.407,0.17,0.28,0.0281255316,0.23,0.0499,0.6499999761581421,-1.39999389648,-0.100006,611.542,-0.1538,0.6999,0.950927734375,-0.19998
2024-11-04 08:54:58+00:00,0.930908203125,1.74398e-05,330.051,-0.0297,-0.12,0.889892578125,0.6129,-0.21,1.4126e-05,0.1229,146.39941522200388,-1.8274e-05,0.407,0.17,0.28,0.0270504342,0.23,0.0499,0.6499999761581421,-1.39999771118,-0.0999869,611.542,-0.1538,0.6999,0.950927734375,-0.19998
2024-11-04 08:54:59+00:00,0.930908203125,-2.07593e-06,330.051,-0.0297,-0.12,0.889892578125,0.6129,-0.21,-5.39659e-06,0.1229,146.39941522200388,-1.8274e-05,0.407,0.17,0.28,0.02879891,0.23,0.0499,0.6499999761581421,-1.39998722076,-0.0999869,611.543,-0.1538,0.6999,0.950927734375,-0.19998
2024-11-04 08:55:00+00:00,0.930908203125,1.74398e-05,330.051,-0.0297,-0.12,0.889892578125,0.6129,-0.21,-5.39659e-06,0.1229,146.39941522200388,-1.8274e-05,0.407,0.17,0.28,0.0278397584,0.23,0.0499,0.6499999761581421,-1.40001094341,-0.0999869,611.543,-0.1538,0.6999,0.950927734375,-0.19998
2024-11-04 08:55:01+00:00,0.930908203125,1.74398e-05,330.051,-0.0297,-0.12,0.889892578125,0.6129,-0.21,1.4126e-05,0.1229,146.39941522200388,-1.8274e-05,0.407,0.17,0.28,0.0292514664,0.23,0.0499,0.6499999761581421,-1.40003061295,-0.100006,611.543,-0.1538,0.6999,0.950927734375,-0.19998
2024-11-04 08:55:02+00:00,0.930908203125,-2.15917e-05,330.051,-0.0297,-0.12,0.889892578125,0.6129,-0.21,1.4126e-05,0.1229,146.39941522200388,-1.8274e-05,0.407,0.17,0.28,0.0288292992,0.23,0.0499,0.6499999761581421,-1.40002048016,-0.100006,611.543,-0.1538,0.6999,0.950927734375,-0.19998
2024-11-04 08:55:03+00:00,0.930908203125,1.74398e-05,330.051,-0.0297,-0.12,0.889892578125,0.6129,-0.21,1.4126e-05,0.1229,146.39941522200388,2.08082e-05,0.407,0.17,0.28,0.0273948114,0.23,0.0499,0.6499999761581421,-1.39998888969,-0.100006,611.543,-0.1538,0.6999,0.950927734375,-0.200019
2024-11-04 08:55:04+00:00,0.930908203125,1.74398e-05,330.051,-0.0297,-0.12,0.889892578125,0.6129,-0.21,1.4126e-05,0.1229,146.39941522200388,2.08082e-05,0.407,0.17,0.28,0.0290630826,0.23,0.0499,0.6499999761581421,-1.40001010895,-0.0999869,611.542,-0.1538,0.6999,0.950927734375,-0.199999
2024-11-04 08:55:05+00:00,0.930908203125,-2.15917e-05,330.051,-0.0297,-0.12,0.889892578125,0.6129,-0.21,-5.39659e-06,0.1229,146.39941522200388,-1.8274e-05,0.407,0.17,0.28,0.0294959024,0.23,0.0499,0.6499999761581421,-1.40002262592,-0.100006,611.542,-0.1538,0.6999,0.950927734375,-0.199999
2024-11-04 08:55:06+00:00,0.930908203125,-2.07593e-06,330.051,-0.0297,-0.12,0.889892578125,0.6129,-0.21,-5.39659e-06,0.1229,146.39941522200388,-1.8274e-05,0.407,0.17,0.28,0.0291836442,0.23,0.0499,0.6499999761581421,-1.40001785755,-0.100006,611.542,-0.1538,0.6999,0.950927734375,-0.199999
2024-11-04 08:55:07+00:00,0.930908203125,1.74398e-05,330.051,-0.0297,-0.12,0.889892578125,0.6129,-0.21,1.4126e-05,0.1229,146.39941522200388,1.26705e-06,0.407,0.17,0.28,0.0287778132,0.23,0.0499,0.6499999761581421,-1.3999992609,-0.100006,611.542,-0.1538,0.6999,0.950927734375,-0.200019
2024-11-04 08:55:08+00:00,0.930908203125,1.74398e-05,330.05,-0.0296,-0.12,0.889892578125,0.6129,-0.21,1.4126e-05,0.123,146.39941522200388,1.26705e-06,0.4071,0.17,0.28,0.0293840662,0.23,0.0499,0.6499999761581421,-1.40000259876,-0.0999869,611.542,-0.1538,0.6999,0.950927734375,-0.200019
2024-11-04 08:55:09+00:00,0.930908203125,1.74398e-05,330.05,-0.0297,-0.12,0.889892578125,0.6129,-0.21,-5.39659e-06,0.1229,146.39941522200388,1.26705e-06,0.407,0.17,0.28,0.0302021368,0.23,0.0499,0.6499999761581421,-1.40000152588,-0.0999869,611.542,-0.1538,0.6999,0.950927734375,-0.200019
2024-11-04 08:55:10+00:00,0.930908203125,1.74398e-05,330.05,-0.0297,-0.12,0.889892578125,0.6129,-0.21,1.4126e-05,0.123,146.39941522200388,-1.8274e-05,0.407,0.17,0.28,0.0293404824,0.23,0.0499,0.6499999761581421,-1.40000534058,-0.0999869,611.542,-0.1538,0.6999,0.950927734375,-0.200019
2024-11-04 08:55:11+00:00,0.930908203125,1.74398e-05,330.05,-0.0297,-0.12,0.889892578125,0.6129,-0.21,1.4126e-05,0.1229,146.39941522200388,-1.8274e-05,0.407,0.17,0.28,0.0280095136,0.23,0.0499,0.6499999761581421,-1.40002155304,-0.0999869,611.542,-0.1538,0.6999,0.950927734375,-0.200019
2024-11-04 08:55:12+00:00,0.930908203125,1.74398e-05,330.05,-0.0297,-0.12,0.889892578125,0.6129,-0.21,1.4126e-05,0.1229,146.39941522200388,-1.8274e-05,0.407,0.17,0.28,0.027460897,0.23,0.0499,0.6499999761581421,-1.40001869202,-0.0999869,611.542,-0.1538,0.6999,0.950927734375,-0.200019
2024-11-04 08:55:13+00:00,0.930908203125,1.74398e-05,330.05,-0.0297,-0.12,0.889892578125,0.6129,-0.21,-5.39659e-06,0.1229,146.39941522200388,-1.8274e-05,0.407,0.17,0.28,0.0290129278,0.23,0.0499,0.6499999761581421,-1.40000212193,-0.100006,611.542,-0.1538,0.6999,0.950927734375,-0.200019
2024-11-04 08:55:14+00:00,0.930908203125,-2.07593e-06,330.05,-0.0297,-0.12,0.889892578125,0.6129,-0.21,1.4126e-05,0.1229,146.39941522200388,-1.8274e-05,0.407,0.17,0.28,0.0277006428,0.23,0.0499,0.6499999761581421,-1.40002322197,-0.0999869,611.542,-0.1538,0.6999,0.950927734375,-0.200019
2024-11-04 08:55:15+00:00,0.930908203125,-2.07593e-06,330.05,-0.0297,-0.12,0.889892578125,0.6129,-0.21,1.4126e-05,0.1229,146.39941522200388,-1.8274e-05,0.407,0.17,0.28,0.0266224964,0.23,0.0499,0.6499999761581421,-1.39998745918,-0.100006,611.542,-0.1538,0.6999,0.950927734375,-0.200019
2024-11-04 08:55:16+00:00,0.930908203125,1.74398e-05,330.05,-0.0297,-0.12,0.889892578125,0.6129,-0.21,1.4126e-05,0.1229,146.39941522200388,-1.8274e-05,0.407,0.17,0.28,0.0274506082,0.23,0.0499,0.6499999761581421,-1.39999270439,-0.0999869,611.542,-0.1538,0.6999,0.950927734375,-0.200019
2024-11-04 08:55:17+00:00,0.930908203125,1.74398e-05,330.05,-0.0297,-0.12,0.889892578125,0.6129,-0.21,-5.39659e-06,0.1229,146.39941522200388,-1.8274e-05,0.407,0.17,0.28,0.0280102936,0.23,0.0499,0.6499999761581421,-1.40001022816,-0.0999869,611.542,-0.1538,0.6999,0.950927734375,-0.200019
2024-11-04 08:55:18+00:00,0.930908203125,1.74398e-05,330.05,-0.0297,-0.12,0.889892578125,0.6129,-0.21,1.4126e-05,0.1229,146.39941522200388,-1.8274e-05,0.407,0.17,0.28,0.0281214844,0.23,0.0499,0.6499999761581421,-1.40002441406,-0.100006,611.542,-0.1538,0.6999,0.950927734375,-0.200019
2024-11-04 08:55:19+00:00,0.930908203125,1.74398e-05,330.05,-0.0297,-0.12,0.889892578125,0.6129,-0.21,1.4126e-05,0.1229,146.39941522200388,-1.8274e-05,0.407,0.17,0.28,0.0298242098,0.23,0.0499,0.6499999761581421,-1.40000617504,-0.0999869,611.542,-0.1538,0.6999,0.950927734375,-0.200019
2024-11-04 08:55:20+00:00,0.930908203125,1.74398e-05,330.049,-0.0297,-0.12,0.889892578125,0.6129,-0.21,-5.39659e-06,0.1229,146.39941522200388,-1.8274e-05,0.407,0.17,0.28,0.0295956074,0.23,0.0499,0.6499999761581421,-1.40000855923,-0.0999869,611.542,-0.1538,0.6999,0.950927734375,-0.200019
2024-11-04 08:55:21+00:00,0.930908203125,1.74398e-05,330.049,-0.0297,-0.12,0.889892578125,0.6129,-0.21,1.4126e-05,0.1229,146.39941522200388,2.08082e-05,0.407,0.17,0.28,0.0279769004,0.23,0.0499,0.6499999761581421,-1.40001726151,-0.0999869,611.542,-0.1538,0.6999,0.950927734375,-0.200019
2024-11-04 08:55:22+00:00,0.930908203125,1.74398e-05,330.049,-0.0297,-0.12,0.889892578125,0.6129,-0.21,1.4126e-05,0.1229,146.39941522200388,2.08082e-05,0.407,0.17,0.28,0.02774175,0.23,0.0499,0.6499999761581421,-1.4000275135,-0.0999869,611.541,-0.1538,0.6999,0.950927734375,-0.19998
2024-11-04 08:55:23+00:00,0.930908203125,1.74398e-05,330.049,-0.0297,-0.12,0.889892578125,0.6129,-0.21,-5.39659e-06,0.1229,146.39941522200388,2.08082e-05,0.407,0.17,0.28,0.0299880006,0.23,0.0499,0.6499999761581421,-1.40000200272,-0.0999869,611.541,-0.1538,0.6999,0.950927734375,-0.19998
2024-11-04 08:55:24+00:00,0.930908203125,1.74398e-05,330.049,-0.0297,-0.12,0.889892578125,0.6129,-0.21,1.4126e-05,0.1229,146.39941522200388,2.08082e-05,0.407,0.17,0.28,0.0284506244,0.23,0.0499,0.6499999761581421,-1.39997756481,-0.0999869,611.541,-0.1538,0.6999,0.950927734375,-0.19998
2024-11-04 08:55:25+00:00,0.930908203125,1.74398e-05,330.051,-0.0297,-0.12,0.889892578125,0.6129,-0.21,1.4126e-05,0.1229,146.39941522200388,2.08082e-05,0.407,0.17,0.28,0.0288560234,0.23,0.0499,0.6499999761581421,-1.39998328686,-0.0999869,611.541,-0.1538,0.6999,0.950927734375,-0.200019
2024-11-04 08:55:26+00:00,0.930908203125,1.74398e-05,330.051,-0.0297,-0.12,0.889892578125,0.6129,-0.21,-5.39659e-06,0.1229,146.39941522200388,-1.8274e-05,0.407,0.17,0.28,0.0293351198,0.23,0.0499,0.6499999761581421,-1.40002214909,-0.0999869,611.541,-0.1538,0.6999,0.950927734375,-0.200019
2024-11-04 08:55:27+00:00,0.930908203125,1.74398e-05,330.051,-0.0297,-0.12,0.889892578125,0.6129,-0.21,1.4126e-05,0.1229,146.39941522200388,-1.8274e-05,0.407,0.17,0.28,0.0299425624,0.23,0.0499,0.6499999761581421,-1.39999902248,-0.0999869,611.543,-0.1538,0.6999,0.950927734375,-0.200019
2024-11-04 08:55:28+00:00,0.930908203125,1.74398e-05,330.051,-0.0297,-0.12,0.889892578125,0.6129,-0.21,1.4126e-05,0.1229,146.39941522200388,2.08082e-05,0.407,0.17,0.28,0.0284179322,0.23,0.0499,0.6499999761581421,-1.39996826649,-0.0999869,611.543,-0.1538,0.6999,0.950927734375,-0.200019
2024-11-04 08:55:29+00:00,0.930908203125,1.74398e-05,330.051,-0.0297,-0.12,0.889892578125,0.6129,-0.21,-5.39659e-06,0.1229,146.39941522200388,-1.8274e-05,0.407,0.17,0.28,0.028103469,0.23,0.0499,0.6499999761581421,-1.39997470379,-0.100006,611.543,-0.1538,0.6999,0.950927734375,-0.200019
2024-11-04 08:55:30+00:00,0.930908203125,-2.07593e-06,330.051,-0.0297,-0.12,0.889892578125,0.6129,-0.21,-5.39659e-06,0.1229,146.39941522200388,-1.8274e-05,0.407,0.17,0.28,0.0272628726,0.23,0.0499,0.6499999761581421,-1.39998722076,-0.100006,611.543,-0.1538,0.6999,0.950927734375,-0.199999
2024-11-04 08:55:31+00:00,0.930908203125,1.74398e-05,330.049,-0.0297,-0.12,0.889892578125,0.6129,-0.21,1.4126e-05,0.1229,146.39941522200388,-1.8274e-05,0.407,0.17,0.28,0.0284051508,0.23,0.0499,0.6499999761581421,-1.40001046658,-0.100006,611.543,-0.1538,0.6999,0.950927734375,-0.199999
2024-11-04 08:55:32+00:00,0.930908203125,1.74398e-05,330.049,-0.0297,-0.12,0.889892578125,0.6129,-0.21,1.4126e-05,0.1229,146.39941522200388,-1.8274e-05,0.407,0.17,0.28,0.0288553254,0.23,0.0499,0.6499999761581421,-1.40001809597,-0.100006,611.543,-0.1538,0.6999,0.950927734375,-0.200019
2024-11-04 08:55:33+00:00,0.930908203125,1.74398e-05,330.049,-0.0297,-0.12,0.889892578125,0.6129,-0.21,-5.39659e-06,0.1229,146.39941522200388,-1.8274e-05,0.407,0.17,0.28,0.0285219438,0.23,0.0499,0.6499999761581421,-1.39999485016,-0.100006,611.543,-0.1538,0.6999,0.950927734375,-0.200019
2024-11-04 08:55:34+00:00,0.930908203125,1.74398e-05,330.049,-0.0297,-0.12,0.889892578125,0.6129,-0.21,1.4126e-05,0.1229,146.39941522200388,1.26705e-06,0.407,0.17,0.28,0.0286117068,0.23,0.0499,0.6499999761581421,-1.39999604225,-0.0999869,611.543,-0.1538,0.6999,0.950927734375,-0.200019
2024-11-04 08:55:35+00:00,0.930908203125,1.74398e-05,330.049,-0.0297,-0.12,0.889892578125,0.6129,-0.21,1.4126e-05,0.1229,146.39941522200388,-1.8274e-05,0.407,0.17,0.28,0.0292995442,0.23,0.0499,0.6499999761581421,-1.40000534058,-0.100006,611.541,-0.1538,0.6999,0.950927734375,-0.200019
2024-11-04 08:55:36+00:00,0.930908203125,1.74398e-05,330.049,-0.0297,-0.12,0.889892578125,0.6129,-0.21,1.4126e-05,0.1229,146.39941522200388,-1.8274e-05,0.407,0.17,0.28,0.0279088868,0.23,0.0499,0.6499999761581421,-1.39999103546,-0.100006,611.541,-0.1538,0.6999,0.950927734375,-0.200019
2024-11-04 08:55:37+00:00,0.930908203125,1.74398e-05,330.049,-0.0297,-0.12,0.889892578125,0.6129,-0.21,1.4126e-05,0.1229,146.39941522200388,-1.8274e-05,0.407,0.17,0.28,0.0288363222,0.23,0.0499,0.6499999761581421,-1.40000474453,-0.0999869,611.541,-0.1538,0.6999,0.950927734375,-0.200019
2024-11-04 08:55:38+00:00,0.930908203125,1.74398e-05,330.049,-0.0297,-0.12,0.889892578125,0.6129,-0.21,1.4126e-05,0.1229,146.39941522200388,-1.8274e-05,0.407,0.17,0.28,0.028744926,0.23,0.0499,0.6499999761581421,-1.40002071857,-0.0999869,611.541,-0.1538,0.6999,0.950927734375,-0.200019
2024-11-04 08:55:39+00:00,0.930908203125,1.74398e-05,330.049,-0.0297,-0.12,0.889892578125,0.6129,-0.21,1.4126e-05,0.1229,146.39941522200388,-1.8274e-05,0.407,0.17,0.28,0.0284644634,0.23,0.0499,0.6499999761581421,-1.39999687672,-0.100006,611.541,-0.1538,0.6999,0.950927734375,-0.200019
2024-11-04 08:55:40+00:00,0.930908203125,1.74398e-05,330.049,-0.0297,-0.12,0.889892578125,0.6129,-0.21,1.4126e-05,0.1229,146.39941522200388,-1.8274e-05,0.407,0.17,0.28,0.0291967518,0.23,0.0499,0.6499999761581421,-1.39999103546,-0.0999869,611.541,-0.1538,0.6999,0.950927734375,-0.19998
2024-11-04 08:55:41+00:00,0.930908203125,1.74398e-05,330.049,-0.0297,-0.12,0.889892578125,0.6129,-0.21,1.4126e-05,0.1229,146.39941522200388,-1.8274e-05,0.407,0.17,0.28,0.0270944956,0.23,0.0499,0.6499999761581421,-1.39996755123,-0.0999869,611.541,-0.1538,0.6999,0.950927734375,-0.19998
2024-11-04 08:55:42+00:00,0.930908203125,1.74398e-05,330.049,-0.0297,-0.12,0.889892578125,0.6129,-0.21,1.4126e-05,0.1229,146.39941522200388,-1.8274e-05,0.407,0.17,0.28,0.0282075908,0.23,0.0499,0.6499999761581421,-1.39995849133,-0.0999869,611.541,-0.1538,0.6999,0.950927734375,-0.200019
2024-11-04 08:55:43+00:00,0.930908203125,1.74398e-05,330.049,-0.0297,-0.12,0.889892578125,0.6129,-0.21,1.4126e-05,0.1229,146.39941522200388,-1.8274e-05,0.407,0.17,0.28,0.0288236908,0.23,0.0499,0.6499999761581421,-1.39998960495,-0.0999869,611.541,-0.1538,0.6999,0.950927734375,-0.199999
2024-11-04 08:55:44+00:00,0.930908203125,-2.07593e-06,330.049,-0.0297,-0.12,0.889892578125,0.6129,-0.21,1.4126e-05,0.1229,146.39941522200388,-1.8274e-05,0.407,0.17,0.28,0.0285431474,0.23,0.0499,0.6499999761581421,-1.39998757839,-0.0999869,611.541,-0.1538,0.6999,0.950927734375,-0.200019
2024-11-04 08:55:45+00:00,0.930908203125,1.74398e-05,330.049,-0.0297,-0.12,0.889892578125,0.6129,-0.21,1.4126e-05,0.1229,146.39941522200388,-1.8274e-05,0.407,0.17,0.28,0.0293562414,0.23,0.0499,0.6499999761581421,-1.39998960495,-0.0999869,611.541,-0.1538,0.6999,0.950927734375,-0.200019
2024-11-04 08:55:46+00:00,0.930908203125,1.74398e-05,330.049,-0.0297,-0.12,0.889892578125,0.6129,-0.21,1.4126e-05,0.1229,146.39941522200388,-1.8274e-05,0.407,0.17,0.28,0.0284346302,0.23,0.0499,0.6499999761581421,-1.39998376369,-0.0999869,611.541,-0.1538,0.6999,0.950927734375,-0.200019
2024-11-04 08:55:47+00:00,0.930908203125,1.74398e-05,330.049,-0.0297,-0.12,0.889892578125,0.6129,-0.21,-5.39659e-06,0.1229,146.39941522200388,-1.8274e-05,0.407,0.17,0.28,0.0277242056,0.23,0.0499,0.6499999761581421,-1.40001654625,-0.0999869,611.541,-0.1538,0.6999,0.950927734375,-0.200019
2024-11-04 08:55:48+00:00,0.930908203125,1.74398e-05,330.049,-0.0297,-0.12,0.889892578125,0.6129,-0.21,1.4126e-05,0.1229,146.39941522200388,-1.8274e-05,0.407,0.17,0.28,0.0278489126,0.23,0.0499,0.6499999761581421,-1.40003740788,-0.100006,611.541,-0.1538,0.6999,0.950927734375,-0.200019
2024-11-04 08:55:49+00:00,0.930908203125,1.74398e-05,330.049,-0.0297,-0.12,0.889892578125,0.6129,-0.21,1.4126e-05,0.1228,146.39941522200388,-1.8274e-05,0.407,0.17,0.28,0.0281463502,0.23,0.0499,0.6499999761581421,-1.39999866486,-0.0999869,611.542,-0.1538,0.6999,0.950927734375,-0.200019
2024-11-04 08:55:50+00:00,0.930908203125,1.74398e-05,330.049,-0.0297,-0.12,0.889892578125,0.6129,-0.21,1.4126e-05,0.1229,146.39941522200388,-1.8274e-05,0.407,0.17,0.28,0.0276797842,0.23,0.0499,0.6499999761581421,-1.39997601509,-0.0999869,611.542,-0.1538,0.6999,0.950927734375,-0.200019
2024-11-04 08:55:51+00:00,0.930908203125,1.74398e-05,330.049,-0.0297,-0.12,0.889892578125,0.6129,-0.21,-5.39659e-06,0.1229,146.39941522200388,-1.8274e-05,0.4068,0.17,0.28,0.0279401896,0.23,0.0499,0.6499999761581421,-1.40000796318,-0.0999869,611.542,-0.1538,0.6999,0.950927734375,-0.200019
2024-11-04 08:55:52+00:00,0.930908203125,1.74398e-05,330.049,-0.0297,-0.12,0.889892578125,0.6129,-0.21,1.4126e-05,0.1229,146.39941522200388,-1.8274e-05,0.407,0.17,0.28,0.0293415192,0.23,0.0499,0.6499999761581421,-1.39999103546,-0.0999869,611.542,-0.1538,0.6999,0.950927734375,-0.200019
2024-11-04 08:55:53+00:00,0.930908203125,-2.07593e-06,330.049,-0.0297,-0.12,0.889892578125,0.6129,-0.21,1.4126e-05,0.1229,146.39941522200388,-1.8274e-05,0.407,0.17,0.28,0.0288747748,0.23,0.0499,0.6499999761581421,-1.39999747276,-0.0999869,611.542,-0.1538,0.6999,0.950927734375,-0.200019
2024-11-04 08:55:54+00:00,0.930908203125,1.74398e-05,330.048,-0.0297,-0.12,0.889892578125,0.6129,-0.21,1.4126e-05,0.1229,146.39941522200388,1.26705e-06,0.407,0.17,0.2798,0.0280603704,0.23,0.0499,0.6499999761581421,-1.40002655983,-0.100006,611.542,-0.1538,0.6999,0.950927734375,-0.200019
2024-11-04 08:55:55+00:00,0.930908203125,1.74398e-05,330.048,-0.0297,-0.12,0.889892578125,0.6129,-0.21,-5.39659e-06,0.1229,146.39941522200388,-1.8274e-05,0.407,0.17,0.28,0.0270028194,0.23,0.0499,0.6499999761581421,-1.40002250671,-0.0999869,611.54,-0.1538,0.6999,0.950927734375,-0.200019
2024-11-04 08:55:56+00:00,0.930908203125,1.74398e-05,330.048,-0.0297,-0.12,0.889892578125,0.6129,-0.21,1.4126e-05,0.1229,146.39941522200388,-1.8274e-05,0.407,0.17,0.28,0.0274837116,0.23,0.0499,0.6499999761581421,-1.40000712872,-0.100006,611.54,-0.1538,0.6999,0.950927734375,-0.200019
2024-11-04 08:55:57+00:00,0.930908203125,1.74398e-05,330.048,-0.0297,-0.12,0.889892578125,0.6129,-0.21,1.4126e-05,0.1229,146.39941522200388,-1.8274e-05,0.407,0.17,0.28,0.0277823126,0.23,0.0499,0.6499999761581421,-1.40003979206,-0.0999869,611.54,-0.1538,0.6999,0.950927734375,-0.200019
2024-11-04 08:55:58+00:00,0.930908203125,1.74398e-05,330.048,-0.0297,-0.12,0.889892578125,0.6129,-0.21,-5.39659e-06,0.1229,146.39941522200388,-1.8274e-05,0.407,0.17,0.28,0.0283866882,0.23,0.0499,0.6499999761581421,-1.39999878407,-0.0999869,611.54,-0.1538,0.6999,0.950927734375,-0.200019
2024-11-04 08:55:59+00:00,0.930908203125,-2.15917e-05,330.048,-0.0297,-0.12,0.889892578125,0.6129,-0.21,-5.39659e-06,0.123,146.39941522200388,1.26705e-06,0.407,0.17,0.28,0.02807389,0.23,0.0499,0.6499999761581421,-1.39999771118,-0.100006,611.54,-0.1538,0.6999,0.950927734375,-0.200019
2024-11-04 08:56:00+00:00,0.930908203125,1.74398e-05,330.048,-0.0297,-0.12,0.889892578125,0.6129,-0.21,-5.39659e-06,0.1229,146.39941522200388,-1.8274e-05,0.407,0.17,0.28,0.0266251654,0.23,0.0499,0.6499999761581421,-1.39997279644,-0.0999869,611.541,-0.1538,0.6999,0.950927734375,-0.200019
2024-11-04 08:56:01+00:00,0.930908203125,-2.07593e-06,330.05,-0.0297,-0.12,0.889892578125,0.6129,-0.21,1.4126e-05,0.1229,146.39941522200388,-1.8274e-05,0.407,0.17,0.28,0.0278843108,0.23,0.0499,0.6499999761581421,-1.40000200272,-0.100006,611.541,-0.1538,0.6999,0.950927734375,-0.200019
2024-11-04 08:56:02+00:00,0.930908203125,1.74398e-05,330.05,-0.0297,-0.12,0.889892578125,0.6129,-0.21,1.4126e-05,0.1229,146.39941522200388,-1.8274e-05,0.407,0.17,0.28,0.0268189498,0.23,0.0499,0.6499999761581421,-1.40000855923,-0.0999869,611.541,-0.1538,0.6999,0.950927734375,-0.200019
2024-11-04 08:56:03+00:00,0.930908203125,1.74398e-05,330.05,-0.0297,-0.12,0.889892578125,0.6129,-0.21,1.4126e-05,0.1229,146.39941522200388,-1.8274e-05,0.407,0.17,0.28,0.02799494,0.23,0.0499,0.6499999761581421,-1.39998018742,-0.0999869,611.541,-0.1538,0.6999,0.950927734375,-0.200019
2024-11-04 08:56:04+00:00,0.930908203125,1.74398e-05,330.05,-0.0297,-0.12,0.889892578125,0.6129,-0.21,1.4126e-05,0.1229,146.39941522200388,-1.8274e-05,0.407,0.17,0.28,0.0277360088,0.23,0.0499,0.6499999761581421,-1.40000629425,-0.0999869,611.541,-0.1538,0.6999,0.950927734375,-0.200019
2024-11-04 08:56:05+00:00,0.930908203125,1.74398e-05,330.05,-0.0297,-0.12,0.889892578125,0.6129,-0.21,1.4126e-05,0.1229,146.39941522200388,-1.8274e-05,0.407,0.17,0.28,0.0284052506,0.23,0.0499,0.6499999761581421,-1.39998984337,-0.0999869,611.541,-0.1538,0.6999,0.950927734375,-0.200019
2024-11-04 08:56:06+00:00,0.930908203125,1.74398e-05,330.05,-0.0297,-0.12,0.889892578125,0.6129,-0.21,1.4126e-05,0.1229,146.39941522200388,1.26705e-06,0.407,0.17,0.28,0.0295360996,0.23,0.0499,0.6499999761581421,-1.40003204346,-0.100006,611.541,-0.1538,0.6999,0.950927734375,-0.200019
2024-11-04 08:56:07+00:00,0.930908203125,1.74398e-05,330.048,-0.0297,-0.12,0.889892578125,0.6129,-0.21,-5.39659e-06,0.1229,146.39941522200388,-1.8274e-05,0.407,0.17,0.28,0.0273730582,0.23,0.0499,0.6499999761581421,-1.4000056982,-0.0999869,611.541,-0.1538,0.6999,0.950927734375,-0.200019
2024-11-04 08:56:08+00:00,0.930908203125,1.74398e-05,330.048,-0.0297,-0.12,0.889892578125,0.6129,-0.21,1.4126e-05,0.1229,146.39941522200388,-1.8274e-05,0.407,0.17,0.28,0.028932492,0.23,0.0499,0.6499999761581421,-1.40001225471,-0.0999869,611.541,-0.1538,0.6999,0.950927734375,-0.200019
2024-11-04 08:56:09+00:00,0.930908203125,1.74398e-05,330.048,-0.0297,-0.12,0.889892578125,0.6129,-0.21,1.4126e-05,0.1229,146.39941522200388,1.26705e-06,0.407,0.17,0.28,0.0272633858,0.23,0.0499,0.6499999761581421,-1.40003621578,-0.100006,611.541,-0.1538,0.6999,0.950927734375,-0.200019
2024-11-04 08:56:10+00:00,0.930908203125,1.74398e-05,330.048,-0.0297,-0.12,0.889892578125,0.6129,-0.21,1.4126e-05,0.1229,146.39941522200388,-1.8274e-05,0.407,0.17,0.28,0.0283530526,0.23,0.0499,0.6499999761581421,-1.39999401569,-0.0999869,611.541,-0.1538,0.6999,0.950927734375,-0.200019
2024-11-04 08:56:11+00:00,0.930908203125,1.74398e-05,330.048,-0.0297,-0.12,0.889892578125,0.6129,-0.21,1.4126e-05,0.1229,146.39941522200388,1.26705e-06,0.407,0.17,0.28,0.02874935,0.23,0.0499,0.6499999761581421,-1.39999365807,-0.100006,611.541,-0.1538,0.6999,0.950927734375,-0.199999
2024-11-04 08:56:12+00:00,0.930908203125,1.74398e-05,330.048,-0.0297,-0.12,0.889892578125,0.6129,-0.21,-5.39659e-06,0.1229,146.39941522200388,1.26705e-06,0.407,0.17,0.28,0.028754131,0.23,0.0499,0.6499999761581421,-1.40000927448,-0.100006,611.541,-0.1538,0.6999,0.950927734375,-0.199999
2024-11-04 08:56:13+00:00,0.930908203125,1.74398e-05,330.048,-0.0297,-0.12,0.889892578125,0.6129,-0.21,-5.39659e-06,0.1229,146.39941522200388,-1.8274e-05,0.407,0.17,0.28,0.0268916864,0.23,0.0499,0.6499999761581421,-1.40001749992,-0.0999869,611.541,-0.1538,0.6999,0.950927734375,-0.200019
2024-11-04 08:56:14+00:00,0.930908203125,1.74398e-05,330.048,-0.0297,-0.12,0.889892578125,0.6129,-0.21,-5.39659e-06,0.1229,146.39941522200388,-1.8274e-05,0.407,0.17,0.28,0.0274868362,0.23,0.0499,0.6499999761581421,-1.39997124672,-0.0999869,611.541,-0.1538,0.6999,0.950927734375,-0.200019
2024-11-04 08:56:15+00:00,0.930908203125,1.74398e-05,330.048,-0.0297,-0.12,0.889892578125,0.6129,-0.21,1.4126e-05,0.1229,146.39941522200388,-1.8274e-05,0.407,0.17,0.28,0.0262199518,0.23,0.0499,0.6499999761581421,-1.4000184536,-0.0999869,611.541,-0.1538,0.6999,0.950927734375,-0.200019
2024-11-04 08:56:16+00:00,0.930908203125,1.74398e-05,330.048,-0.0297,-0.12,0.889892578125,0.6129,-0.21,1.4126e-05,0.1229,146.39941522200388,-1.8274e-05,0.407,0.17,0.28,0.0278158086,0.23,0.0499,0.6499999761581421,-1.39999055862,-0.100006,611.542,-0.1538,0.6999,0.950927734375,-0.200019
2024-11-04 08:56:17+00:00,0.930908203125,1.74398e-05,330.049,-0.0297,-0.12,0.889892578125,0.6129,-0.21,-5.39659e-06,0.1229,146.39941522200388,-1.8274e-05,0.407,0.17,0.28,0.0282702144,0.23,0.0499,0.6499999761581421,-1.40003740788,-0.0999869,611.542,-0.1538,0.6999,0.950927734375,-0.200019
2024-11-04 08:56:18+00:00,0.930908203125,-2.07593e-06,330.049,-0.0297,-0.12,0.889892578125,0.6129,-0.21,-5.39659e-06,0.1229,146.39941522200388,-1.8274e-05,0.407,0.17,0.28,0.0277497032,0.23,0.0499,0.6499999761581421,-1.40002179146,-0.100006,611.542,-0.1538,0.6999,0.950927734375,-0.200019
2024-11-04 08:56:19+00:00,0.930908203125,-2.07593e-06,330.049,-0.0297,-0.12,0.889892578125,0.6129,-0.21,1.4126e-05,0.1229,146.39941522200388,-1.8274e-05,0.407,0.17,0.28,0.0268351008,0.23,0.0499,0.6499999761581421,-1.39998197556,-0.0999869,611.542,-0.1538,0.6999,0.950927734375,-0.199999
2024-11-04 08:56:20+00:00,0.930908203125,-2.07593e-06,330.049,-0.0297,-0.12,0.889892578125,0.6129,-0.21,-5.39659e-06,0.1229,146.39941522200388,-1.8274e-05,0.407,0.17,0.28,0.0270637344,0.23,0.0499,0.6499999761581421,-1.40001475811,-0.0999869,611.542,-0.1538,0.6999,0.950927734375,-0.199999
2024-11-04 08:56:21+00:00,0.930908203125,1.74398e-05,330.049,-0.0297,-0.12,0.889892578125,0.6129,-0.21,1.4126e-05,0.1229,146.39941522200388,-1.8274e-05,0.407,0.17,0.28,0.0273688802,0.23,0.0499,0.6499999761581421,-1.39999425411,-0.0999869,611.543,-0.1538,0.6999,0.950927734375,-0.200019
2024-11-04 08:56:22+00:00,0.930908203125,-2.07593e-06,330.051,-0.0297,-0.12,0.889892578125,0.6129,-0.21,1.4126e-05,0.1229,146.39941522200388,-1.8274e-05,0.407,0.17,0.28,0.0276343864,0.23,0.0499,0.6499999761581421,-1.39997732639,-0.0999869,611.543,-0.1538,0.6999,0.950927734375,-0.199999
2024-11-04 08:56:23+00:00,0.930908203125,1.74398e-05,330.051,-0.0297,-0.12,0.889892578125,0.6129,-0.21,1.4126e-05,0.1229,146.39941522200388,-1.8274e-05,0.407,0.17,0.28,0.0276433068,0.23,0.0499,0.6499999761581421,-1.40001368523,-0.0999869,611.543,-0.1538,0.6999,0.950927734375,-0.19998
2024-11-04 08:56:24+00:00,0.930908203125,1.74398e-05,330.051,-0.0297,-0.12,0.889892578125,0.6129,-0.21,1.4126e-05,0.1229,146.39941522200388,-1.8274e-05,0.407,0.17,0.28,0.0284234976,0.23,0.0499,0.6499999761581421,-1.40000844002,-0.0999869,611.543,-0.1538,0.6999,0.950927734375,-0.200019
2024-11-04 08:56:25+00:00,0.930908203125,1.74398e-05,330.051,-0.0297,-0.12,0.889892578125,0.6129,-0.21,1.4126e-05,0.1229,146.39941522200388,-1.8274e-05,0.407,0.17,0.28,0.0294153748,0.23,0.0499,0.6499999761581421,-1.40001726151,-0.0999869,611.543,-0.1538,0.6999,0.950927734375,-0.200019
2024-11-04 08:56:26+00:00,0.930908203125,1.74398e-05,330.051,-0.0297,-0.12,0.889892578125,0.6129,-0.21,-5.39659e-06,0.1229,146.39941522200388,-1.8274e-05,0.407,0.17,0.28,0.0282761064,0.23,0.0499,0.6499999761581421,-1.39998447895,-0.100006,611.543,-0.1538,0.6999,0.950927734375,-0.200019
2024-11-04 08:56:27+00:00,0.930908203125,1.74398e-05,330.051,-0.0297,-0.12,0.889892578125,0.6129,-0.21,1.4126e-05,0.1229,146.39941522200388,-1.8274e-05,0.407,0.17,0.28,0.0281374086,0.23,0.0499,0.6499999761581421,-1.39999318123,-0.0999869,611.541,-0.1538,0.6999,0.950927734375,-0.200019
2024-11-04 08:56:28+00:00,0.930908203125,1.74398e-05,330.051,-0.0297,-0.12,0.889892578125,0.6129,-0.21,1.4126e-05,0.1229,146.39941522200388,-1.8274e-05,0.407,0.17,0.28,0.028517127,0.23,0.0499,0.6499999761581421,-1.40001142025,-0.0999869,611.541,-0.1538,0.6999,0.950927734375,-0.200019
2024-11-04 08:56:29+00:00,0.930908203125,1.74398e-05,330.051,-0.0297,-0.12,0.889892578125,0.6129,-0.21,1.4126e-05,0.1229,146.39941522200388,-1.8274e-05,0.407,0.17,0.28,0.0281194712,0.23,0.0499,0.6499999761581421,-1.40000677109,-0.100006,611.541,-0.1538,0.6999,0.950927734375,-0.200019
2024-11-04 08:56:30+00:00,0.930908203125,1.74398e-05,330.051,-0.0297,-0.12,0.889892578125,0.6129,-0.21,1.4126e-05,0.1229,146.39941522200388,-1.8274e-05,0.407,0.17,0.28,0.029130847,0.23,0.0499,0.6499999761581421,-1.40000629425,-0.0999869,611.541,-0.1538,0.6999,0.950927734375,-0.200019
2024-11-04 08:56:31+00:00,0.930908203125,1.74398e-05,330.051,-0.0297,-0.12,0.889892578125,0.6129,-0.21,1.4126e-05,0.1229,146.39941522200388,-1.8274e-05,0.407,0.17,0.28,0.0289166678,0.23,0.0499,0.6499999761581421,-1.39999759197,-0.100006,611.541,-0.1538,0.6999,0.950927734375,-0.200019
2024-11-04 08:56:32+00:00,0.930908203125,1.74398e-05,330.05,-0.0297,-0.12,0.889892578125,0.6129,-0.21,-5.39659e-06,0.1229,146.39941522200388,-1.8274e-05,0.407,0.17,0.28,0.0295255968,0.23,0.0499,0.6499999761581421,-1.40000033379,-0.100006,611.541,-0.1538,0.6999,0.950927734375,-0.200019
2024-11-04 08:56:33+00:00,0.930908203125,1.74398e-05,330.05,-0.0297,-0.12,0.889892578125,0.6129,-0.21,1.4126e-05,0.1229,146.39941522200388,-1.8274e-05,0.407,0.17,0.28,0.0292647614,0.23,0.0499,0.6499999761581421,-1.39998483658,-0.0999869,611.543,-0.1538,0.6999,0.950927734375,-0.200019
2024-11-04 08:56:34+00:00,0.930908203125,1.74398e-05,330.05,-0.0297,-0.12,0.889892578125,0.6129,-0.21,1.4126e-05,0.1229,146.39941522200388,-1.8274e-05,0.407,0.17,0.28,0.0305555408,0.23,0.0499,0.6499999761581421,-1.40000092983,-0.100006,611.543,-0.1538,0.6999,0.950927734375,-0.200019
2024-11-04 08:56:35+00:00,0.930908203125,1.74398e-05,330.05,-0.0297,-0.12,0.889892578125,0.6129,-0.21,1.4126e-05,0.1229,146.39941522200388,-1.8274e-05,0.407,0.17,0.28,0.0293762266,0.23,0.0499,0.6499999761581421,-1.39997065067,-0.0999869,611.543,-0.1538,0.6999,0.950927734375,-0.200019
2024-11-04 08:56:36+00:00,0.930908203125,-2.15917e-05,330.05,-0.0297,-0.12,0.889892578125,0.6129,-0.21,1.4126e-05,0.1229,146.39941522200388,-1.8274e-05,0.407,0.17,0.28,0.0269918364,0.2299,0.0499,0.6499999761581421,-1.39999508858,-0.100006,611.543,-0.1538,0.6999,0.950927734375,-0.200019
2024-11-04 08:56:37+00:00,0.930908203125,1.74398e-05,330.05,-0.0297,-0.12,0.889892578125,0.6129,-0.21,1.4126e-05,0.1229,146.39941522200388,-1.8274e-05,0.407,0.17,0.28,0.0297975522,0.23,0.0499,0.6499999761581421,-1.39999163151,-0.0999869,611.543,-0.1538,0.6999,0.950927734375,-0.200019
2024-11-04 08:56:38+00:00,0.930908203125,-2.07593e-06,330.05,-0.0297,-0.12,0.889892578125,0.6129,-0.21,1.4126e-05,0.1229,146.39941522200388,-1.8274e-05,0.407,0.17,0.28,0.0296403276,0.23,0.0499,0.6499999761581421,-1.39998626709,-0.0999869,611.542,-0.1538,0.6999,0.950927734375,-0.200019
2024-11-04 08:56:39+00:00,0.930908203125,-2.07593e-06,330.05,-0.0297,-0.12,0.889892578125,0.6129,-0.21,-5.39659e-06,0.1228,146.39941522200388,-1.8274e-05,0.407,0.17,0.28,0.0296223988,0.23,0.0499,0.6499999761581421,-1.39997601509,-0.0999869,611.542,-0.1538,0.6999,0.950927734375,-0.200019
2024-11-04 08:56:40+00:00,0.930908203125,-2.15917e-05,330.05,-0.0297,-0.12,0.889892578125,0.6129,-0.21,1.4126e-05,0.1229,146.39941522200388,-1.8274e-05,0.407,0.17,0.28,0.0286444974,0.23,0.0499,0.6499999761581421,-1.39999175072,-0.100006,611.542,-0.1538,0.6999,0.950927734375,-0.200019
2024-11-04 08:56:41+00:00,0.930908203125,1.74398e-05,330.05,-0.0297,-0.12,0.889892578125,0.6129,-0.21,1.4126e-05,0.1229,146.39941522200388,-1.8274e-05,0.407,0.17,0.28,0.0281688794,0.23,0.0499,0.6499999761581421,-1.39999997616,-0.100006,611.542,-0.1538,0.6999,0.950927734375,-0.200019
2024-11-04 08:56:42+00:00,0.930908203125,1.74398e-05,330.05,-0.0297,-0.12,0.889892578125,0.6129,-0.21,1.4126e-05,0.1229,146.39941522200388,-1.8274e-05,0.407,0.17,0.28,0.028329588,0.23,0.0499,0.6499999761581421,-1.39999318123,-0.100006,611.542,-0.1538,0.6999,0.950927734375,-0.200019
2024-11-04 08:56:43+00:00,0.930908203125,1.74398e-05,330.05,-0.0297,-0.12,0.889892578125,0.6129,-0.21,1.4126e-05,0.1229,146.39941522200388,-1.8274e-05,0.407,0.17,0.28,0.0272061908,0.23,0.0499,0.6499999761581421,-1.39998590946,-0.100006,611.542,-0.1538,0.6999,0.950927734375,-0.200019
2024-11-04 08:56:44+00:00,0.930908203125,1.74398e-05,330.05,-0.0297,-0.12,0.889892578125,0.6129,-0.21,1.4126e-05,0.1229,146.39941522200388,-1.8274e-05,0.407,0.17,0.28,0.0284910414,0.23,0.0499,0.6499999761581421,-1.39998149872,-0.0999869,611.542,-0.1538,0.6999,0.950927734375,-0.200019
2024-11-04 08:56:45+00:00,0.930908203125,1.74398e-05,330.05,-0.0297,-0.12,0.889892578125,0.6129,-0.21,1.4126e-05,0.1229,146.39941522200388,-1.8274e-05,0.407,0.17,0.28,0.0273154396,0.23,0.0499,0.6499999761581421,-1.39998960495,-0.100006,611.542,-0.1538,0.6999,0.950927734375,-0.200019
2024-11-04 08:56:46+00:00,0.930908203125,1.74398e-05,330.05,-0.0297,-0.12,0.889892578125,0.6129,-0.21,-5.39659e-06,0.1229,146.39941522200388,-1.8274e-05,0.407,0.17,0.28,0.028354148,0.23,0.0499,0.6499999761581421,-1.39999842644,-0.0999869,611.542,-0.1538,0.6999,0.950927734375,-0.200019
2024-11-04 08:56:47+00:00,0.930908203125,1.74398e-05,330.049,-0.0297,-0.12,0.889892578125,0.6129,-0.21,1.4126e-05,0.1229,146.39941522200388,-1.8274e-05,0.407,0.17,0.28,0.0282509102,0.23,0.0499,0.6499999761581421,-1.39999866486,-0.100006,611.542,-0.1538,0.6999,0.950927734375,-0.200019
2024-11-04 08:56:48+00:00,0.930908203125,1.74398e-05,330.049,-0.0297,-0.12,0.889892578125,0.6129,-0.21,-5.39659e-06,0.1229,146.39941522200388,1.26705e-06,0.407,0.17,0.28,0.0283786128,0.2299,0.0499,0.6499999761581421,-1.39999318123,-0.0999869,611.542,-0.1538,0.6999,0.950927734375,-0.200019
2024-11-04 08:56:49+00:00,0.930908203125,1.74398e-05,330.049,-0.0297,-0.12,0.889892578125,0.6129,-0.21,1.4126e-05,0.1229,146.39941522200388,2.08082e-05,0.407,0.17,0.28,0.0281611594,0.23,0.0499,0.6499999761581421,-1.40002989769,-0.100006,611.542,-0.1538,0.6999,0.950927734375,-0.200019
2024-11-04 08:56:50+00:00,0.930908203125,1.74398e-05,330.049,-0.0297,-0.12,0.889892578125,0.6129,-0.21,-5.39659e-06,0.1229,146.39941522200388,2.08082e-05,0.407,0.17,0.28,0.0270899064,0.23,0.0499,0.6499999761581421,-1.39994680882,-0.100006,611.542,-0.1538,0.6999,0.950927734375,-0.200019
2024-11-04 08:56:51+00:00,0.930908203125,1.74398e-05,330.049,-0.0297,-0.12,0.889892578125,0.6129,-0.21,-5.39659e-06,0.1229,146.39941522200388,-1.8274e-05,0.407,0.17,0.28,0.028552642,0.23,0.0499,0.6499999761581421,-1.40001118183,-0.100006,611.542,-0.1538,0.6999,0.950927734375,-0.200019
2024-11-04 08:56:52+00:00,0.930908203125,1.74398e-05,330.049,-0.0297,-0.12,0.889892578125,0.6129,-0.21,1.4126e-05,0.1227,146.39941522200388,-1.8274e-05,0.407,0.17,0.28,0.0290038192,0.23,0.0499,0.6499999761581421,-1.40002763271,-0.0999869,611.542,-0.1538,0.6999,0.950927734375,-0.200019
2024-11-04 08:56:53+00:00,0.930908203125,1.74398e-05,330.049,-0.0297,-0.12,0.889892578125,0.6129,-0.21,-5.39659e-06,0.1229,146.39941522200388,-1.8274e-05,0.407,0.17,0.28,0.0284405484,0.23,0.0499,0.6499999761581421,-1.39998269081,-0.0999869,611.541,-0.1538,0.6999,0.950927734375,-0.200019
2024-11-04 08:56:54+00:00,0.930908203125,1.74398e-05,330.049,-0.0297,-0.12,0.889892578125,0.6129,-0.21,1.4126e-05,0.1229,146.39941522200388,-1.8274e-05,0.4069,0.17,0.28,0.0281007984,0.23,0.0499,0.6499999761581421,-1.40001189709,-0.100006,611.541,-0.1538,0.6999,0.950927734375,-0.200019
2024-11-04 08:56:55+00:00,0.930908203125,1.74398e-05,330.049,-0.0297,-0.12,0.889892578125,0.6129,-0.21,1.4126e-05,0.1228,146.39941522200388,-1.8274e-05,0.407,0.17,0.28,0.0272394676,0.23,0.0499,0.6499999761581421,-1.39997160435,-0.100006,611.541,-0.1538,0.6999,0.950927734375,-0.200019
2024-11-04 08:56:56+00:00,0.930908203125,1.74398e-05,330.049,-0.0297,-0.12,0.889892578125,0.6129,-0.21,1.4126e-05,0.1229,146.39941522200388,-1.8274e-05,0.407,0.17,0.28,0.0280181388,0.23,0.0499,0.6499999761581421,-1.40000653267,-0.100006,611.541,-0.1538,0.6999,0.950927734375,-0.200019
2024-11-04 08:56:57+00:00,0.930908203125,-2.07593e-06,330.05,-0.0297,-0.12,0.889892578125,0.6129,-0.21,1.4126e-05,0.1229,146.39941522200388,2.08082e-05,0.407,0.17,0.28,0.0278194522,0.23,0.0499,0.6499999761581421,-1.40001261234,-0.0999869,611.541,-0.1538,0.6999,0.950927734375,-0.200019
2024-11-04 08:56:58+00:00,0.930908203125,1.74398e-05,330.049,-0.0297,-0.12,0.889892578125,0.6129,-0.21,1.4126e-05,0.1229,146.39941522200388,2.08082e-05,0.407,0.17,0.28,0.0287507504,0.23,0.0499,0.6499999761581421,-1.39998853207,-0.0999869,611.542,-0.1538,0.6999,0.950927734375,-0.200019
2024-11-04 08:56:59+00:00,0.930908203125,1.74398e-05,330.049,-0.0297,-0.12,0.889892578125,0.6129,-0.21,-5.39659e-06,0.1229,146.39941522200388,-1.8274e-05,0.407,0.17,0.28,0.028247911,0.23,0.0499,0.6499999761581421,-1.40001881123,-0.100006,611.542,-0.1538,0.6999,0.950927734375,-0.19998
2024-11-04 08:57:00+00:00,0.930908203125,1.74398e-05,330.049,-0.0297,-0.12,0.889892578125,0.6129,-0.21,1.4126e-05,0.1229,146.39941522200388,1.26705e-06,0.407,0.17,0.28,0.0294937348,0.23,0.0499,0.6499999761581421,-1.40000677109,-0.0999869,611.542,-0.1538,0.6999,0.950927734375,-0.19998
2024-11-04 08:57:01+00:00,0.930908203125,1.74398e-05,330.049,-0.0297,-0.12,0.889892578125,0.6129,-0.21,1.4126e-05,0.1229,146.39941522200388,-1.8274e-05,0.407,0.17,0.28,0.028403149,0.23,0.0499,0.6499999761581421,-1.40000772476,-0.100006,611.542,-0.1538,0.6999,0.950927734375,-0.19998
2024-11-04 08:57:02+00:00,0.930908203125,1.74398e-05,330.049,-0.0297,-0.12,0.889892578125,0.6129,-0.21,-5.39659e-06,0.1229,146.39941522200388,-1.8274e-05,0.407,0.17,0.28,0.0274200278,0.23,0.0499,0.6499999761581421,-1.40002405643,-0.0999869,611.542,-0.1538,0.6999,0.950927734375,-0.200019
2024-11-04 08:57:03+00:00,0.930908203125,1.74398e-05,330.049,-0.0297,-0.12,0.889892578125,0.6129,-0.21,1.4126e-05,0.1229,146.39941522200388,-1.8274e-05,0.407,0.17,0.28,0.0263705984,0.23,0.0499,0.6499999761581421,-1.40000855923,-0.0999869,611.542,-0.1538,0.6999,0.950927734375,-0.200019
2024-11-04 08:57:04+00:00,0.930908203125,1.74398e-05,330.05,-0.0297,-0.12,0.889892578125,0.6129,-0.21,1.4126e-05,0.1229,146.39941522200388,-1.8274e-05,0.407,0.17,0.28,0.0272284704,0.23,0.0499,0.6499999761581421,-1.40001761913,-0.0999869,611.542,-0.1538,0.6999,0.950927734375,-0.200019
2024-11-04 08:57:05+00:00,0.930908203125,1.74398e-05,330.05,-0.0297,-0.12,0.889892578125,0.6129,-0.21,1.4126e-05,0.1229,146.39941522200388,-1.8274e-05,0.407,0.17,0.28,0.0285618826,0.23,0.0499,0.6499999761581421,-1.39999008179,-0.0999869,611.542,-0.1538,0.6999,0.950927734375,-0.200019
2024-11-04 08:57:06+00:00,0.930908203125,1.74398e-05,330.05,-0.0297,-0.12,0.889892578125,0.6129,-0.21,-5.39659e-06,0.1229,146.39941522200388,2.08082e-05,0.407,0.17,0.28,0.0280118578,0.23,0.0499,0.6499999761581421,-1.40001678467,-0.0999869,611.542,-0.1538,0.6999,0.950927734375,-0.19998
2024-11-04 08:57:07+00:00,0.930908203125,1.74398e-05,330.05,-0.0297,-0.12,0.889892578125,0.6129,-0.21,-5.39659e-06,0.1229,146.39941522200388,1.26705e-06,0.407,0.17,0.28,0.0291751478,0.23,0.0499,0.6499999761581421,-1.40000641346,-0.0999869,611.542,-0.1538,0.6999,0.950927734375,-0.19998
2024-11-04 08:57:08+00:00,0.930908203125,1.74398e-05,330.05,-0.0297,-0.12,0.889892578125,0.6129,-0.21,1.4126e-05,0.1229,146.39941522200388,1.26705e-06,0.407,0.17,0.28,0.0287112628,0.23,0.0499,0.6499999761581421,-1.4000056982,-0.100006,611.542,-0.1538,0.6999,0.950927734375,-0.19998
2024-11-04 08:57:09+00:00,0.930908203125,1.74398e-05,330.05,-0.0297,-0.12,0.889892578125,0.6129,-0.21,1.4126e-05,0.1229,146.39941522200388,-1.8274e-05,0.407,0.17,0.28,0.0285267942,0.23,0.0499,0.6499999761581421,-1.40001213551,-0.0999869,611.542,-0.1538,0.6999,0.950927734375,-0.200019
2024-11-04 08:57:10+00:00,0.930908203125,1.74398e-05,330.05,-0.0297,-0.12,0.889892578125,0.6129,-0.21,-5.39659e-06,0.1229,146.39941522200388,1.26705e-06,0.407,0.17,0.28,0.0286197736,0.23,0.0499,0.6499999761581421,-1.40002429485,-0.0999869,611.542,-0.1538,0.6999,0.950927734375,-0.200019
2024-11-04 08:57:11+00:00,0.930908203125,1.74398e-05,330.05,-0.0297,-0.12,0.889892578125,0.6129,-0.21,-5.39659e-06,0.1229,146.39941522200388,1.26705e-06,0.407,0.17,0.28,0.0290265372,0.23,0.0499,0.6499999761581421,-1.40000164509,-0.0999869,611.541,-0.1538,0.6999,0.950927734375,-0.200019
2024-11-04 08:57:12+00:00,0.930908203125,1.74398e-05,330.05,-0.0297,-0.12,0.889892578125,0.6129,-0.21,-5.39659e-06,0.1229,146.39941522200388,1.26705e-06,0.407,0.17,0.28,0.0284775484,0.23,0.0499,0.6499999761581421,-1.39999389648,-0.0999869,611.541,-0.1538,0.6999,0.950927734375,-0.200019
2024-11-04 08:57:13+00:00,0.930908203125,1.74398e-05,330.05,-0.0297,-0.12,0.889892578125,0.6129,-0.21,-5.39659e-06,0.1229,146.39941522200388,-1.8274e-05,0.407,0.17,0.28,0.0293719286,0.23,0.0499,0.6499999761581421,-1.39999544621,-0.0999869,611.541,-0.1538,0.6999,0.950927734375,-0.200019
2024-11-04 08:57:14+00:00,0.930908203125,1.74398e-05,330.05,-0.0297,-0.12,0.889892578125,0.6129,-0.21,1.4126e-05,0.1229,146.39941522200388,-1.8274e-05,0.407,0.17,0.28,0.0300364582,0.23,0.0499,0.6499999761581421,-1.40000927448,-0.0999869,611.541,-0.1538,0.6999,0.950927734375,-0.200019
2024-11-04 08:57:15+00:00,0.930908203125,1.74398e-05,330.05,-0.0297,-0.12,0.889892578125,0.6129,-0.21,1.4126e-05,0.1229,146.39941522200388,-1.8274e-05,0.407,0.17,0.28,0.0297331234,0.23,0.0499,0.6499999761581421,-1.40001964569,-0.0999869,611.541,-0.1538,0.6999,0.950927734375,-0.200019
2024-11-04 08:57:16+00:00,0.930908203125,1.74398e-05,330.05,-0.0297,-0.12,0.889892578125,0.6129,-0.21,1.4126e-05,0.1229,146.39941522200388,-1.8274e-05,0.407,0.17,0.28,0.030640513,0.23,0.0499,0.6499999761581421,-1.39999735355,-0.0999869,611.542,-0.1538,0.6999,0.950927734375,-0.19998
2024-11-04 08:57:17+00:00,0.930908203125,-2.07593e-06,330.048,-0.0297,-0.12,0.889892578125,0.6129,-0.21,-5.39659e-06,0.1229,146.39941522200388,-1.8274e-05,0.407,0.17,0.28,0.0296219918,0.23,0.0499,0.6499999761581421,-1.39998912811,-0.0999869,611.542,-0.1538,0.6999,0.950927734375,-0.19998
2024-11-04 08:57:18+00:00,0.930908203125,1.74398e-05,330.048,-0.0297,-0.12,0.889892578125,0.6129,-0.21,1.4126e-05,0.1229,146.39941522200388,1.26705e-06,0.407,0.17,0.28,0.0298736488,0.23,0.0499,0.6499999761581421,-1.39999938011,-0.0999869,611.542,-0.1538,0.6999,0.950927734375,-0.19998
2024-11-04 08:57:19+00:00,0.930908203125,1.74398e-05,330.048,-0.0297,-0.12,0.889892578125,0.6129,-0.21,1.4126e-05,0.1229,146.39941522200388,-1.8274e-05,0.407,0.17,0.28,0.029113015,0.23,0.0499,0.6499999761581421,-1.39998733997,-0.100006,611.542,-0.1538,0.6999,0.950927734375,-0.200019
2024-11-04 08:57:20+00:00,0.930908203125,1.74398e-05,330.048,-0.0297,-0.12,0.889892578125,0.6129,-0.21,1.4126e-05,0.1229,146.39941522200388,-1.8274e-05,0.407,0.17,0.28,0.02975088,0.23,0.0499,0.6499999761581421,-1.39997124672,-0.100006,611.542,-0.1538,0.7,0.950927734375,-0.200019
2024-11-04 08:57:21+00:00,0.930908203125,1.74398e-05,330.048,-0.0297,-0.12,0.889892578125,0.6129,-0.21,1.4126e-05,0.1229,146.39941522200388,-1.8274e-05,0.407,0.17,0.28,0.0288292954,0.23,0.0499,0.6499999761581421,-1.39998042583,-0.0999869,611.541,-0.1538,0.6999,0.950927734375,-0.200019
2024-11-04 08:57:22+00:00,0.930908203125,-2.07593e-06,330.049,-0.0297,-0.12,0.889892578125,0.6129,-0.21,-5.39659e-06,0.1229,146.39941522200388,-1.8274e-05,0.407,0.17,0.28,0.0275618692,0.23,0.0499,0.6499999761581421,-1.39999735355,-0.100006,611.541,-0.1538,0.6999,0.950927734375,-0.200019
2024-11-04 08:57:23+00:00,0.930908203125,-2.07593e-06,330.049,-0.0297,-0.12,0.889892578125,0.6129,-0.21,-5.39659e-06,0.1229,146.39941522200388,-1.8274e-05,0.407,0.17,0.28,0.028592383,0.23,0.0499,0.6499999761581421,-1.40000963211,-0.0999869,611.541,-0.1538,0.6999,0.950927734375,-0.200019
2024-11-04 08:57:24+00:00,0.930908203125,-2.07593e-06,330.049,-0.0297,-0.12,0.889892578125,0.6129,-0.21,1.4126e-05,0.1229,146.39941522200388,-1.8274e-05,0.407,0.17,0.28,0.0292243412,0.23,0.0499,0.6499999761581421,-1.40001022816,-0.0999869,611.541,-0.1538,0.6999,0.950927734375,-0.200019
2024-11-04 08:57:25+00:00,0.930908203125,1.74398e-05,330.049,-0.0297,-0.12,0.889892578125,0.6129,-0.21,-5.39659e-06,0.1229,146.39941522200388,-1.8274e-05,0.407,0.17,0.28,0.0275570044,0.23,0.0499,0.6499999761581421,-1.39999067783,-0.0999869,611.541,-0.1538,0.6999,0.950927734375,-0.200019
2024-11-04 08:57:26+00:00,0.930908203125,1.74398e-05,330.049,-0.0297,-0.12,0.889892578125,0.6129,-0.21,1.4126e-05,0.1229,146.39941522200388,-1.8274e-05,0.407,0.17,0.28,0.0281663194,0.23,0.0499,0.6499999761581421,-1.40000224113,-0.0999869,611.541,-0.1538,0.6999,0.950927734375,-0.200019
2024-11-04 08:57:27+00:00,0.930908203125,1.74398e-05,330.049,-0.0297,-0.12,0.889892578125,0.6129,-0.21,1.4126e-05,0.1229,146.39941522200388,-1.8274e-05,0.407,0.17,0.28,0.0281234596,0.23,0.0499,0.6499999761581421,-1.39999389648,-0.100006,611.541,-0.1538,0.6999,0.950927734375,-0.200019
2024-11-04 08:57:28+00:00,0.930908203125,1.74398e-05,330.049,-0.0297,-0.12,0.889892578125,0.6129,-0.21,1.4126e-05,0.1229,146.39941522200388,-1.8274e-05,0.407,0.17,0.28,0.026970986,0.23,0.0499,0.6499999761581421,-1.39998757839,-0.100006,611.541,-0.1538,0.6999,0.950927734375,-0.200019
2024-11-04 08:57:29+00:00,0.930908203125,1.74398e-05,330.049,-0.0297,-0.12,0.889892578125,0.6129,-0.21,-5.39659e-06,0.1229,146.39941522200388,-1.8274e-05,0.407,0.17,0.28,0.0284209554,0.23,0.0499,0.6499999761581421,-1.39998519421,-0.0999869,611.543,-0.1538,0.6999,0.950927734375,-0.200019
2024-11-04 08:57:30+00:00,0.930908203125,1.74398e-05,330.049,-0.0297,-0.12,0.889892578125,0.6129,-0.21,1.4126e-05,0.1229,146.39941522200388,-1.8274e-05,0.407,0.17,0.28,0.0283371126,0.23,0.0499,0.6499999761581421,-1.39999258518,-0.0999869,611.543,-0.1538,0.6999,0.950927734375,-0.200019
2024-11-04 08:57:31+00:00,0.930908203125,1.74398e-05,330.049,-0.0297,-0.12,0.889892578125,0.6129,-0.21,1.4126e-05,0.1229,146.39941522200388,1.26705e-06,0.407,0.17,0.28,0.0286091188,0.23,0.0499,0.6499999761581421,-1.40001761913,-0.0999869,611.543,-0.1538,0.6999,0.950927734375,-0.200019
2024-11-04 08:57:32+00:00,0.930908203125,1.74398e-05,330.049,-0.0297,-0.12,0.889892578125,0.6129,-0.21,-5.39659e-06,0.1229,146.39941522200388,-1.8274e-05,0.407,0.17,0.28,0.0274926318,0.23,0.0499,0.6499999761581421,-1.39999485016,-0.0999869,611.543,-0.1538,0.6999,0.950927734375,-0.200019
2024-11-04 08:57:33+00:00,0.930908203125,1.74398e-05,330.049,-0.0297,-0.12,0.889892578125,0.6129,-0.21,1.4126e-05,0.1229,146.39941522200388,-1.8274e-05,0.4068,0.17,0.28,0.0292045174,0.23,0.0499,0.6499999761581421,-1.39999783039,-0.100006,611.543,-0.1538,0.6999,0.950927734375,-0.19998
2024-11-04 08:57:34+00:00,0.930908203125,-2.15917e-05,330.049,-0.0297,-0.12,0.889892578125,0.6129,-0.21,-5.39659e-06,0.1229,146.39941522200388,-1.8274e-05,0.407,0.17,0.28,0.0282899964,0.23,0.0499,0.6499999761581421,-1.39998042583,-0.100006,611.541,-0.1538,0.6999,0.950927734375,-0.200019
2024-11-04 08:57:35+00:00,0.930908203125,1.74398e-05,330.049,-0.0297,-0.12,0.889892578125,0.6129,-0.21,1.4126e-05,0.1229,146.39941522200388,-1.8274e-05,0.407,0.17,0.28,0.0285887102,0.23,0.0499,0.6499999761581421,-1.39998960495,-0.0999869,611.541,-0.1538,0.6999,0.950927734375,-0.200019
2024-11-04 08:57:36+00:00,0.930908203125,-2.07593e-06,330.049,-0.0297,-0.12,0.889892578125,0.6129,-0.21,-5.39659e-06,0.1229,146.39941522200388,1.26705e-06,0.407,0.17,0.28,0.0294854332,0.23,0.0499,0.6499999761581421,-1.39999139309,-0.0999869,611.541,-0.1538,0.6999,0.950927734375,-0.200019
2024-11-04 08:57:37+00:00,0.930908203125,1.74398e-05,330.049,-0.0297,-0.12,0.889892578125,0.6129,-0.21,1.4126e-05,0.1229,146.39941522200388,-1.8274e-05,0.407,0.17,0.28,0.0299736756,0.23,0.0499,0.6499999761581421,-1.39999449253,-0.0999869,611.541,-0.1538,0.6999,0.950927734375,-0.200019
2024-11-04 08:57:38+00:00,0.930908203125,1.74398e-05,330.05,-0.0297,-0.12,0.889892578125,0.6129,-0.21,1.4126e-05,0.1229,146.39941522200388,-1.8274e-05,0.407,0.17,0.28,0.0290741204,0.23,0.0499,0.6499999761581421,-1.39998936653,-0.0999869,611.541,-0.1538,0.6999,0.950927734375,-0.200019
2024-11-04 08:57:39+00:00,0.930908203125,1.74398e-05,330.05,-0.0297,-0.12,0.889892578125,0.6129,-0.21,1.4126e-05,0.1229,146.39941522200388,-1.8274e-05,0.407,0.17,0.28,0.0282245826,0.23,0.0499,0.6499999761581421,-1.40000903606,-0.0999869,611.543,-0.1538,0.6999,0.950927734375,-0.200019
2024-11-04 08:57:40+00:00,0.930908203125,1.74398e-05,330.05,-0.0297,-0.12,0.889892578125,0.6129,-0.21,1.4126e-05,0.1229,146.39941522200388,-1.8274e-05,0.407,0.17,0.28,0.026962051,0.23,0.0499,0.6499999761581421,-1.39997446537,-0.0999869,611.543,-0.1538,0.6999,0.950927734375,-0.200019
2024-11-04 08:57:41+00:00,0.930908203125,1.74398e-05,330.05,-0.0297,-0.12,0.889892578125,0.6129,-0.21,-5.39659e-06,0.1229,146.39941522200388,-1.8274e-05,0.4071,0.17,0.28,0.0278104942,0.23,0.0499,0.6499999761581421,-1.39999139309,-0.0999869,611.543,-0.1538,0.6999,0.950927734375,-0.200019
2024-11-04 08:57:42+00:00,0.930908203125,1.74398e-05,330.05,-0.0297,-0.12,0.889892578125,0.6129,-0.21,1.4126e-05,0.1229,146.39941522200388,-1.8274e-05,0.407,0.17,0.28,0.0274026692,0.23,0.0499,0.6499999761581421,-1.40001451969,-0.0999869,611.543,-0.1538,0.6999,0.950927734375,-0.200019
2024-11-04 08:57:43+00:00,0.930908203125,-2.07593e-06,330.05,-0.0297,-0.12,0.889892578125,0.6129,-0.21,1.4126e-05,0.1229,146.39941522200388,-1.8274e-05,0.407,0.17,0.28,0.0286643478,0.23,0.0499,0.6499999761581421,-1.40002501011,-0.0999869,611.543,-0.1538,0.6999,0.950927734375,-0.200019
2024-11-04 08:57:44+00:00,0.930908203125,1.74398e-05,330.05,-0.0297,-0.12,0.889892578125,0.6129,-0.21,-5.39659e-06,0.1229,146.39941522200388,1.26705e-06,0.407,0.17,0.28,0.0286992498,0.23,0.0499,0.6499999761581421,-1.39999103546,-0.0999869,611.543,-0.1538,0.6999,0.950927734375,-0.200019
2024-11-04 08:57:45+00:00,0.930908203125,1.74398e-05,330.05,-0.0297,-0.12,0.889892578125,0.6129,-0.21,1.4126e-05,0.1229,146.39941522200388,-1.8274e-05,0.407,0.17,0.28,0.0277601246,0.23,0.0499,0.6499999761581421,-1.40000879765,-0.0999869,611.542,-0.1538,0.6999,0.950927734375,-0.200019
2024-11-04 08:57:46+00:00,0.930908203125,1.74398e-05,330.05,-0.0297,-0.12,0.889892578125,0.6129,-0.21,-5.39659e-06,0.1229,146.39941522200388,-1.8274e-05,0.407,0.17,0.28,0.0278993286,0.23,0.0499,0.6499999761581421,-1.40001189709,-0.0999869,611.542,-0.1538,0.6999,0.950927734375,-0.200019
2024-11-04 08:57:47+00:00,0.930908203125,1.74398e-05,330.05,-0.0297,-0.12,0.889892578125,0.6129,-0.21,1.4126e-05,0.1229,146.39941522200388,-1.8274e-05,0.407,0.17,0.28,0.0283652532,0.23,0.0499,0.6499999761581421,-1.40000486374,-0.100006,611.542,-0.1538,0.6999,0.950927734375,-0.200019
2024-11-04 08:57:48+00:00,0.930908203125,1.74398e-05,330.05,-0.0297,-0.12,0.889892578125,0.6129,-0.21,1.4126e-05,0.1229,146.39941522200388,-1.8274e-05,0.407,0.17,0.28,0.0291568792,0.23,0.0499,0.6499999761581421,-1.40000903606,-0.100006,611.542,-0.1538,0.6999,0.950927734375,-0.19998
2024-11-04 08:57:49+00:00,0.930908203125,1.74398e-05,330.05,-0.0297,-0.12,0.889892578125,0.6129,-0.21,1.4126e-05,0.1229,146.39941522200388,-1.8274e-05,0.407,0.17,0.28,0.0270778634,0.23,0.0499,0.6499999761581421,-1.39999520779,-0.0999869,611.542,-0.1538,0.6999,0.950927734375,-0.200019
2024-11-04 08:57:50+00:00,0.930908203125,1.74398e-05,330.05,-0.0297,-0.12,0.889892578125,0.6129,-0.21,-5.39659e-06,0.1229,146.39941522200388,-1.8274e-05,0.407,0.17,0.28,0.0277240932,0.23,0.0499,0.6499999761581421,-1.4000287056,-0.0999869,611.542,-0.1538,0.6999,0.950927734375,-0.199999
2024-11-04 08:57:51+00:00,0.930908203125,1.74398e-05,330.05,-0.0297,-0.12,0.889892578125,0.6129,-0.21,1.4126e-05,0.1229,146.39941522200388,-1.8274e-05,0.407,0.17,0.28,0.0275865172,0.23,0.0499,0.6499999761581421,-1.39998686314,-0.0999869,611.542,-0.1538,0.6999,0.950927734375,-0.200019
2024-11-04 08:57:52+00:00,0.930908203125,1.74398e-05,330.05,-0.0297,-0.12,0.889892578125,0.6129,-0.21,-5.39659e-06,0.1229,146.39941522200388,-1.8274e-05,0.407,0.17,0.28,0.0276392948,0.23,0.0499,0.6499999761581421,-1.40003085136,-0.0999869,611.541,-0.1538,0.6999,0.950927734375,-0.200019
2024-11-04 08:57:53+00:00,0.930908203125,-2.07593e-06,330.049,-0.0297,-0.12,0.889892578125,0.6129,-0.21,1.4126e-05,0.1229,146.39941522200388,-1.8274e-05,0.407,0.17,0.28,0.0284201998,0.23,0.0499,0.6499999761581421,-1.399995327,-0.100006,611.541,-0.1538,0.6999,0.950927734375,-0.200019
2024-11-04 08:57:54+00:00,0.930908203125,1.74398e-05,330.049,-0.0297,-0.12,0.889892578125,0.6129,-0.21,1.4126e-05,0.1229,146.39941522200388,-1.8274e-05,0.407,0.17,0.28,0.0272087216,0.23,0.0499,0.6499999761581421,-1.39998793602,-0.0999869,611.541,-0.1538,0.6999,0.950927734375,-0.200019
2024-11-04 08:57:55+00:00,0.930908203125,1.74398e-05,330.049,-0.0297,-0.12,0.889892578125,0.6129,-0.21,1.4126e-05,0.1229,146.39941522200388,-1.8274e-05,0.407,0.17,0.28,0.0276327016,0.23,0.0499,0.6499999761581421,-1.39998865128,-0.100006,611.541,-0.1538,0.6999,0.950927734375,-0.200019
2024-11-04 08:57:56+00:00,0.930908203125,1.74398e-05,330.049,-0.0297,-0.12,0.889892578125,0.6129,-0.21,1.4126e-05,0.1229,146.39941522200388,-1.8274e-05,0.407,0.17,0.28,0.0279263912,0.23,0.0499,0.6499999761581421,-1.39998006821,-0.0999869,611.541,-0.1538,0.6999,0.950927734375,-0.200019
2024-11-04 08:57:57+00:00,0.930908203125,1.74398e-05,330.049,-0.0297,-0.12,0.889892578125,0.6129,-0.21,1.4126e-05,0.1229,146.39941522200388,-1.8274e-05,0.407,0.17,0.28,0.0274028818,0.23,0.0499,0.6499999761581421,-1.40001785755,-0.100006,611.543,-0.1538,0.6999,0.950927734375,-0.19998
2024-11-04 08:57:58+00:00,0.930908203125,1.74398e-05,330.049,-0.0297,-0.12,0.889892578125,0.6129,-0.21,-5.39659e-06,0.1229,146.39941522200388,-1.8274e-05,0.407,0.17,0.28,0.026334713,0.23,0.0499,0.6499999761581421,-1.40003395081,-0.100006,611.543,-0.1538,0.6999,0.950927734375,-0.200019
2024-11-04 08:57:59+00:00,0.930908203125,1.74398e-05,330.049,-0.0297,-0.12,0.889892578125,0.6129,-0.21,1.4126e-05,0.1229,146.39941522200388,-1.8274e-05,0.407,0.17,0.28,0.028029709,0.23,0.0499,0.6499999761581421,-1.39998698235,-0.0999869,611.543,-0.1538,0.6999,0.950927734375,-0.200019
2024-11-04 08:58:00+00:00,0.930908203125,1.74398e-05,330.049,-0.0297,-0.12,0.889892578125,0.6129,-0.21,1.4126e-05,0.1229,146.39941522200388,-1.8274e-05,0.407,0.17,0.28,0.0290652368,0.23,0.0499,0.6499999761581421,-1.40000963211,-0.0999869,611.543,-0.1538,0.6999,0.950927734375,-0.200019
2024-11-04 08:58:01+00:00,0.930908203125,1.74398e-05,330.049,-0.0297,-0.12,0.889892578125,0.6129,-0.21,1.4126e-05,0.1229,146.39941522200388,-1.8274e-05,0.407,0.17,0.28,0.0292812124,0.23,0.0499,0.6499999761581421,-1.40000033379,-0.0999869,611.543,-0.1538,0.6999,0.950927734375,-0.200019
2024-11-04 08:58:02+00:00,0.930908203125,1.74398e-05,330.049,-0.0297,-0.12,0.889892578125,0.6129,-0.21,1.4126e-05,0.1229,146.39941522200388,-1.8274e-05,0.407,0.17,0.28,0.0276651274,0.23,0.0499,0.6499999761581421,-1.40002512932,-0.100006,611.543,-0.1538,0.6999,0.950927734375,-0.200019
2024-11-04 08:58:03+00:00,0.930908203125,1.74398e-05,330.049,-0.0297,-0.12,0.889892578125,0.6129,-0.21,1.4126e-05,0.1229,146.39941522200388,1.26705e-06,0.407,0.17,0.28,0.0284243586,0.23,0.0499,0.6499999761581421,-1.39999949932,-0.0999869,611.543,-0.1538,0.6999,0.950927734375,-0.200019
2024-11-04 08:58:04+00:00,0.930908203125,1.74398e-05,330.049,-0.0297,-0.12,0.889892578125,0.6129,-0.21,-5.39659e-06,0.1229,146.39941522200388,1.26705e-06,0.407,0.17,0.28,0.0287552434,0.23,0.0499,0.6499999761581421,-1.40002775192,-0.0999869,611.543,-0.1538,0.6999,0.950927734375,-0.200019
2024-11-04 08:58:05+00:00,0.930908203125,1.74398e-05,330.049,-0.0297,-0.12,0.889892578125,0.6129,-0.21,-5.39659e-06,0.1229,146.39941522200388,1.26705e-06,0.407,0.17,0.28,0.0295022376,0.23,0.0499,0.6499999761581421,-1.39999914169,-0.0999869,611.543,-0.1538,0.6999,0.950927734375,-0.200019
2024-11-04 08:58:06+00:00,0.930908203125,1.74398e-05,330.049,-0.0297,-0.12,0.889892578125,0.6129,-0.21,1.4126e-05,0.1229,146.39941522200388,-1.8274e-05,0.407,0.17,0.28,0.0287386582,0.23,0.0499,0.6499999761581421,-1.4000326395,-0.0999869,611.541,-0.1538,0.6999,0.950927734375,-0.200019
2024-11-04 08:58:07+00:00,0.930908203125,1.74398e-05,330.049,-0.0297,-0.12,0.889892578125,0.6129,-0.21,-5.39659e-06,0.1229,146.39941522200388,-1.8274e-05,0.407,0.17,0.28,0.0284259954,0.23,0.0499,0.6499999761581421,-1.40000092983,-0.0999869,611.541,-0.1538,0.6999,0.950927734375,-0.200019
2024-11-04 08:58:08+00:00,0.930908203125,1.74398e-05,330.049,-0.0297,-0.12,0.889892578125,0.6129,-0.21,1.4126e-05,0.1229,146.39941522200388,-1.8274e-05,0.407,0.17,0.28,0.0286796166,0.23,0.0499,0.6499999761581421,-1.40001296997,-0.100006,611.541,-0.1538,0.6999,0.950927734375,-0.200019
2024-11-04 08:58:09+00:00,0.930908203125,1.74398e-05,330.049,-0.0297,-0.12,0.889892578125,0.6129,-0.21,-5.39659e-06,0.1229,146.39941522200388,-1.8274e-05,0.407,0.17,0.28,0.0283951738,0.23,0.0499,0.6499999761581421,-1.40001952648,-0.0999869,611.541,-0.1538,0.6999,0.950927734375,-0.199999
2024-11-04 08:58:10+00:00,0.930908203125,1.74398e-05,330.049,-0.0297,-0.12,0.889892578125,0.6129,-0.21,1.4126e-05,0.1229,146.39941522200388,-1.8274e-05,0.407,0.17,0.28,0.027750502,0.23,0.0499,0.6499999761581421,-1.40001916885,-0.100006,611.541,-0.1538,0.6999,0.950927734375,-0.19998
2024-11-04 08:58:11+00:00,0.930908203125,1.74398e-05,330.049,-0.0297,-0.12,0.889892578125,0.6129,-0.21,1.4126e-05,0.1229,146.39941522200388,-1.8274e-05,0.407,0.17,0.28,0.0293146518,0.23,0.0499,0.6499999761581421,-1.39998948574,-0.100006,611.541,-0.1538,0.6999,0.950927734375,-0.19998
2024-11-04 08:58:12+00:00,0.930908203125,1.74398e-05,330.049,-0.0297,-0.12,0.889892578125,0.6129,-0.21,1.4126e-05,0.1229,146.39941522200388,-1.8274e-05,0.407,0.17,0.28,0.0274143722,0.23,0.0499,0.6499999761581421,-1.40000915527,-0.0999869,611.541,-0.1538,0.6999,0.950927734375,-0.19998
2024-11-04 08:58:13+00:00,0.930908203125,1.74398e-05,330.049,-0.0297,-0.12,0.889892578125,0.6129,-0.21,1.4126e-05,0.1229,146.39941522200388,-1.8274e-05,0.407,0.17,0.28,0.027058709,0.23,0.0499,0.6499999761581421,-1.39998555183,-0.0999869,611.541,-0.1538,0.6999,0.950927734375,-0.200019
2024-11-04 08:58:14+00:00,0.930908203125,1.74398e-05,330.049,-0.0297,-0.12,0.889892578125,0.6129,-0.21,-5.39659e-06,0.1229,146.39941522200388,-1.8274e-05,0.407,0.17,0.28,0.0284071246,0.23,0.0499,0.6499999761581421,-1.40001666546,-0.0999869,611.541,-0.1538,0.6999,0.950927734375,-0.199999
2024-11-04 08:58:15+00:00,0.930908203125,-2.07593e-06,330.049,-0.0297,-0.12,0.889892578125,0.6129,-0.21,1.4126e-05,0.1229,146.39941522200388,-1.8274e-05,0.407,0.17,0.28,0.0288598004,0.23,0.0499,0.6499999761581421,-1.39998221397,-0.0999869,611.541,-0.1538,0.6999,0.950927734375,-0.200019
2024-11-04 08:58:16+00:00,0.930908203125,1.74398e-05,330.049,-0.0297,-0.12,0.889892578125,0.6129,-0.21,1.4126e-05,0.1229,146.39941522200388,-1.8274e-05,0.407,0.17,0.28,0.0288027532,0.23,0.0499,0.6499999761581421,-1.39999318123,-0.100006,611.541,-0.1538,0.6999,0.950927734375,-0.200019
2024-11-04 08:58:17+00:00,0.930908203125,1.74398e-05,330.049,-0.0297,-0.12,0.889892578125,0.6129,-0.21,1.4126e-05,0.1229,146.39941522200388,-1.8274e-05,0.407,0.17,0.28,0.028636418,0.23,0.0499,0.6499999761581421,-1.40000402927,-0.0999869,611.541,-0.1538,0.6999,0.950927734375,-0.200019
2024-11-04 08:58:18+00:00,0.930908203125,1.74398e-05,330.049,-0.0296,-0.12,0.889892578125,0.6129,-0.21,-5.39659e-06,0.1229,146.39941522200388,-1.8274e-05,0.407,0.17,0.28,0.0285464452,0.23,0.0499,0.6499999761581421,-1.39999246597,-0.100006,611.541,-0.1538,0.6999,0.950927734375,-0.200019
2024-11-04 08:58:19+00:00,0.930908203125,-2.07593e-06,330.049,-0.0297,-0.12,0.889892578125,0.6129,-0.21,1.4126e-05,0.1229,146.39941522200388,2.08082e-05,0.407,0.17,0.28,0.027562441,0.23,0.0499,0.6499999761581421,-1.39997386932,-0.0999869,611.541,-0.1538,0.6999,0.950927734375,-0.19998
2024-11-04 08:58:20+00:00,0.930908203125,1.74398e-05,330.049,-0.0297,-0.12,0.889892578125,0.6129,-0.21,1.4126e-05,0.1229,146.39941522200388,2.08082e-05,0.407,0.17,0.2798,0.0287629888,0.23,0.0499,0.6499999761581421,-1.40000331402,-0.0999869,611.541,-0.1538,0.6999,0.950927734375,-0.19998
2024-11-04 08:58:21+00:00,0.930908203125,1.74398e-05,330.049,-0.0297,-0.12,0.889892578125,0.6129,-0.21,1.4126e-05,0.1229,146.39941522200388,-1.8274e-05,0.407,0.17,0.28,0.0272835652,0.23,0.0499,0.6499999761581421,-1.40003061295,-0.100006,611.541,-0.1538,0.6999,0.950927734375,-0.200019
2024-11-04 08:58:22+00:00,0.930908203125,1.74398e-05,330.05,-0.0297,-0.12,0.889892578125,0.6129,-0.21,1.4126e-05,0.1229,146.39941522200388,-1.8274e-05,0.407,0.17,0.28,0.0283789596,0.23,0.0499,0.6499999761581421,-1.40003538132,-0.100006,611.541,-0.1538,0.6999,0.950927734375,-0.200019
2024-11-04 08:58:23+00:00,0.930908203125,1.74398e-05,330.05,-0.0297,-0.12,0.889892578125,0.6129,-0.21,1.4126e-05,0.1229,146.39941522200388,-1.8274e-05,0.407,0.17,0.28,0.0282904512,0.23,0.0499,0.6499999761581421,-1.40001523495,-0.0999869,611.543,-0.1538,0.6999,0.950927734375,-0.200019
2024-11-04 08:58:24+00:00,0.930908203125,1.74398e-05,330.05,-0.0297,-0.12,0.889892578125,0.6129,-0.21,1.4126e-05,0.1229,146.39941522200388,-1.8274e-05,0.407,0.17,0.28,0.02908315,0.23,0.0499,0.6499999761581421,-1.39999890327,-0.0999869,611.543,-0.1538,0.6999,0.950927734375,-0.200019
2024-11-04 08:58:25+00:00,0.930908203125,1.74398e-05,330.05,-0.0297,-0.12,0.889892578125,0.6129,-0.21,1.4126e-05,0.1229,146.39941522200388,-1.8274e-05,0.407,0.17,0.28,0.0277730808,0.23,0.0499,0.6499999761581421,-1.40003812313,-0.0999869,611.543,-0.1538,0.6999,0.950927734375,-0.200019
2024-11-04 08:58:26+00:00,0.930908203125,1.74398e-05,330.05,-0.0297,-0.12,0.889892578125,0.6129,-0.21,1.4126e-05,0.1229,146.39941522200388,-1.8274e-05,0.407,0.17,0.28,0.0264533778,0.23,0.0499,0.6499999761581421,-1.40003013611,-0.0999869,611.543,-0.1538,0.6999,0.950927734375,-0.200019
2024-11-04 08:58:27+00:00,0.930908203125,1.74398e-05,330.049,-0.0297,-0.12,0.889892578125,0.6129,-0.21,1.4126e-05,0.1229,146.39941522200388,-1.8274e-05,0.407,0.17,0.28,0.0271332126,0.23,0.0499,0.6499999761581421,-1.39998114109,-0.0999869,611.543,-0.1538,0.6999,0.950927734375,-0.200019
2024-11-04 08:58:28+00:00,0.930908203125,-2.07593e-06,330.049,-0.0297,-0.12,0.889892578125,0.6129,-0.21,-5.39659e-06,0.1229,146.39941522200388,-1.8274e-05,0.407,0.17,0.28,0.0292788072,0.23,0.0499,0.6499999761581421,-1.4000235796,-0.0999869,611.543,-0.1538,0.6999,0.950927734375,-0.200019
2024-11-04 08:58:29+00:00,0.930908203125,-2.07593e-06,330.049,-0.0297,-0.12,0.889892578125,0.6129,-0.21,-5.39659e-06,0.1229,146.39941522200388,-1.8274e-05,0.407,0.17,0.28,0.0292977452,0.23,0.0499,0.6499999761581421,-1.3999838829,-0.0999869,611.543,-0.1538,0.6999,0.950927734375,-0.200019
2024-11-04 08:58:30+00:00,0.930908203125,1.74398e-05,330.049,-0.0297,-0.12,0.889892578125,0.6129,-0.21,1.4126e-05,0.1229,146.39941522200388,-1.8274e-05,0.407,0.17,0.28,0.0275166446,0.23,0.0499,0.6499999761581421,-1.40000832081,-0.0999869,611.543,-0.1538,0.6999,0.950927734375,-0.200019
2024-11-04 08:58:31+00:00,0.930908203125,1.74398e-05,330.049,-0.0297,-0.12,0.889892578125,0.6129,-0.21,1.4126e-05,0.1229,146.39941522200388,1.26705e-06,0.407,0.17,0.28,0.026898446,0.23,0.0499,0.6499999761581421,-1.39999783039,-0.100006,611.543,-0.1538,0.6999,0.950927734375,-0.200019
2024-11-04 08:58:32+00:00,0.930908203125,1.74398e-05,330.049,-0.0297,-0.12,0.889892578125,0.6129,-0.21,1.4126e-05,0.1229,146.39941522200388,-1.8274e-05,0.407,0.17,0.28,0.0284417544,0.23,0.0499,0.6499999761581421,-1.40000402927,-0.100006,611.543,-0.1538,0.6999,0.950927734375,-0.200019
2024-11-04 08:58:33+00:00,0.930908203125,1.74398e-05,330.049,-0.0297,-0.12,0.889892578125,0.6129,-0.21,-5.39659e-06,0.1229,146.39941522200388,-1.8274e-05,0.407,0.17,0.28,0.0275185862,0.23,0.0499,0.6499999761581421,-1.40000450611,-0.0999869,611.543,-0.1538,0.6999,0.950927734375,-0.200019
2024-11-04 08:58:34+00:00,0.930908203125,1.74398e-05,330.049,-0.0297,-0.12,0.889892578125,0.6129,-0.21,-5.39659e-06,0.1229,146.39941522200388,1.26705e-06,0.4071,0.17,0.28,0.026382811,0.23,0.0499,0.6499999761581421,-1.40000426769,-0.0999869,611.543,-0.1538,0.6999,0.950927734375,-0.200019
2024-11-04 08:58:35+00:00,0.930908203125,1.74398e-05,330.049,-0.0297,-0.12,0.889892578125,0.6129,-0.21,1.4126e-05,0.1229,146.39941522200388,1.26705e-06,0.407,0.17,0.28,0.0286268062,0.23,0.0499,0.6499999761581421,-1.40001273155,-0.100006,611.543,-0.1538,0.6999,0.950927734375,-0.19998
2024-11-04 08:58:36+00:00,0.930908203125,1.74398e-05,330.049,-0.0297,-0.12,0.889892578125,0.6129,-0.21,1.4126e-05,0.1229,146.39941522200388,1.26705e-06,0.407,0.17,0.28,0.027868266,0.23,0.0499,0.6499999761581421,-1.40000319481,-0.100006,611.543,-0.1538,0.6999,0.950927734375,-0.19998
2024-11-04 08:58:37+00:00,0.930908203125,1.74398e-05,330.05,-0.0297,-0.12,0.889892578125,0.6129,-0.21,1.4126e-05,0.1229,146.39941522200388,1.26705e-06,0.407,0.17,0.28,0.0282723276,0.23,0.0499,0.6499999761581421,-1.39996850491,-0.100006,611.543,-0.1538,0.6999,0.950927734375,-0.19998
2024-11-04 08:58:38+00:00,0.930908203125,1.74398e-05,330.05,-0.0297,-0.12,0.889892578125,0.6129,-0.21,-5.39659e-06,0.1229,146.39941522200388,1.26705e-06,0.407,0.17,0.28,0.0291231334,0.23,0.0499,0.6499999761581421,-1.40000164509,-0.0999869,611.543,-0.1538,0.6999,0.950927734375,-0.19998
2024-11-04 08:58:39+00:00,0.930908203125,1.74398e-05,330.05,-0.0297,-0.12,0.889892578125,0.6129,-0.21,1.4126e-05,0.1229,146.39941522200388,1.26705e-06,0.407,0.17,0.28,0.0285662388,0.23,0.0499,0.6499999761581421,-1.40000593662,-0.0999869,611.543,-0.1538,0.6999,0.950927734375,-0.19998
2024-11-04 08:58:40+00:00,0.930908203125,1.74398e-05,330.05,-0.0297,-0.12,0.889892578125,0.6129,-0.21,1.4126e-05,0.1229,146.39941522200388,1.26705e-06,0.407,0.17,0.28,0.0290675914,0.23,0.0499,0.6499999761581421,-1.40000164509,-0.0999869,611.543,-0.1538,0.6999,0.950927734375,-0.19998
2024-11-04 08:58:41+00:00,0.930908203125,1.74398e-05,330.05,-0.0297,-0.12,0.889892578125,0.6129,-0.21,-5.39659e-06,0.1229,146.39941522200388,-1.8274e-05,0.407,0.17,0.28,0.0282907938,0.23,0.0499,0.6499999761581421,-1.40000879765,-0.0999869,611.543,-0.1538,0.6999,0.950927734375,-0.200019
2024-11-04 08:58:42+00:00,0.930908203125,1.74398e-05,330.049,-0.0297,-0.12,0.889892578125,0.6129,-0.21,1.4126e-05,0.1229,146.39941522200388,-1.8274e-05,0.407,0.17,0.28,0.029388265,0.23,0.0499,0.6499999761581421,-1.40000855923,-0.100006,611.543,-0.1538,0.6999,0.950927734375,-0.200019
2024-11-04 08:58:43+00:00,0.930908203125,1.74398e-05,330.049,-0.0297,-0.12,0.889892578125,0.6129,-0.21,1.4126e-05,0.1229,146.39941522200388,-1.8274e-05,0.407,0.17,0.28,0.0273785952,0.23,0.0499,0.6499999761581421,-1.40001535416,-0.0999869,611.543,-0.1538,0.6999,0.950927734375,-0.200019
2024-11-04 08:58:44+00:00,0.930908203125,1.74398e-05,330.049,-0.0297,-0.12,0.889892578125,0.6129,-0.21,1.4126e-05,0.1229,146.39941522200388,-1.8274e-05,0.407,0.17,0.28,0.0279961972,0.23,0.0499,0.6499999761581421,-1.40002262592,-0.0999869,611.543,-0.1538,0.6999,0.950927734375,-0.19998
2024-11-04 08:58:45+00:00,0.930908203125,1.74398e-05,330.049,-0.0297,-0.12,0.889892578125,0.6129,-0.21,1.4126e-05,0.1229,146.39941522200388,1.26705e-06,0.407,0.17,0.28,0.0269749802,0.23,0.0499,0.6499999761581421,-1.39997756481,-0.0999869,611.542,-0.1538,0.6999,0.950927734375,-0.200019
2024-11-04 08:58:46+00:00,0.930908203125,1.74398e-05,330.049,-0.0297,-0.12,0.889892578125,0.6129,-0.21,1.4126e-05,0.1229,146.39941522200388,1.26705e-06,0.407,0.17,0.28,0.0297907538,0.23,0.0499,0.6499999761581421,-1.40002441406,-0.0999869,611.542,-0.1538,0.6999,0.950927734375,-0.200019
2024-11-04 08:58:47+00:00,0.930908203125,-2.07593e-06,330.051,-0.0297,-0.12,0.889892578125,0.6129,-0.21,-5.39659e-06,0.1229,146.39941522200388,-1.8274e-05,0.407,0.17,0.28,0.028958029,0.23,0.0499,0.6499999761581421,-1.40001249313,-0.0999869,611.542,-0.1538,0.7,0.950927734375,-0.200019
2024-11-04 08:58:48+00:00,0.930908203125,1.74398e-05,330.051,-0.0297,-0.12,0.889892578125,0.6129,-0.21,-5.39659e-06,0.1229,146.39941522200388,-1.8274e-05,0.407,0.17,0.28,0.0291695066,0.23,0.0499,0.6499999761581421,-1.39999699593,-0.0999869,611.542,-0.1538,0.6999,0.950927734375,-0.200019
2024-11-04 08:58:49+00:00,0.930908203125,1.74398e-05,330.051,-0.0297,-0.12,0.889892578125,0.6129,-0.21,1.4126e-05,0.1229,146.39941522200388,-1.8274e-05,0.407,0.17,0.28,0.0298493472,0.23,0.0499,0.6499999761581421,-1.40000712872,-0.100006,611.542,-0.1538,0.6999,0.950927734375,-0.200019
2024-11-04 08:58:50+00:00,0.930908203125,1.74398e-05,330.051,-0.0297,-0.12,0.889892578125,0.6129,-0.21,1.4126e-05,0.1229,146.39941522200388,-1.8274e-05,0.407,0.17,0.28,0.0280640398,0.23,0.0499,0.6499999761581421,-1.40000140667,-0.0999869,611.542,-0.1538,0.6999,0.950927734375,-0.200019
2024-11-04 08:58:51+00:00,0.930908203125,1.74398e-05,330.051,-0.0297,-0.12,0.889892578125,0.6129,-0.21,-5.39659e-06,0.1229,146.39941522200388,-1.8274e-05,0.407,0.17,0.28,0.0278926276,0.23,0.0499,0.6499999761581421,-1.40000391006,-0.100006,611.543,-0.1538,0.6999,0.950927734375,-0.200019
2024-11-04 08:58:52+00:00,0.930908203125,1.74398e-05,330.051,-0.0297,-0.12,0.889892578125,0.6129,-0.21,-5.39659e-06,0.1229,146.39941522200388,-1.8274e-05,0.407,0.17,0.28,0.0277436912,0.23,0.0499,0.6499999761581421,-1.39999008179,-0.0999869,611.543,-0.1538,0.6999,0.950927734375,-0.200019
2024-11-04 08:58:53+00:00,0.930908203125,1.74398e-05,330.051,-0.0297,-0.12,0.889892578125,0.6129,-0.21,-5.39659e-06,0.1229,146.39941522200388,-1.8274e-05,0.407,0.17,0.28,0.0284992826,0.23,0.0499,0.6499999761581421,-1.4000120163,-0.0999869,611.543,-0.1538,0.6999,0.950927734375,-0.200019
2024-11-04 08:58:54+00:00,0.930908203125,1.74398e-05,330.051,-0.0297,-0.12,0.889892578125,0.6129,-0.21,1.4126e-05,0.1229,146.39941522200388,-1.8274e-05,0.407,0.17,0.28,0.0294854276,0.23,0.0499,0.6499999761581421,-1.40000426769,-0.0999869,611.543,-0.1538,0.6999,0.950927734375,-0.19998
2024-11-04 08:58:55+00:00,0.930908203125,1.74398e-05,330.05,-0.0297,-0.12,0.889892578125,0.6129,-0.21,1.4126e-05,0.1229,146.39941522200388,-1.8274e-05,0.407,0.17,0.28,0.0283863044,0.23,0.0499,0.6499999761581421,-1.39997768402,-0.100006,611.543,-0.1538,0.6999,0.950927734375,-0.200019
2024-11-04 08:58:56+00:00,0.930908203125,1.74398e-05,330.05,-0.0297,-0.12,0.889892578125,0.6129,-0.21,1.4126e-05,0.1229,146.39941522200388,-1.8274e-05,0.407,0.17,0.28,0.0274013452,0.23,0.0499,0.6499999761581421,-1.39999938011,-0.0999869,611.541,-0.1538,0.6999,0.950927734375,-0.199999
2024-11-04 08:58:57+00:00,0.930908203125,1.74398e-05,330.05,-0.0297,-0.12,0.889892578125,0.6129,-0.21,1.4126e-05,0.1229,146.39941522200388,-1.8274e-05,0.407,0.17,0.28,0.0284170672,0.23,0.0499,0.6499999761581421,-1.39997625351,-0.100006,611.541,-0.1538,0.6999,0.950927734375,-0.199999
2024-11-04 08:58:58+00:00,0.930908203125,1.74398e-05,330.05,-0.0297,-0.12,0.889892578125,0.6129,-0.21,1.4126e-05,0.1229,146.39941522200388,-1.8274e-05,0.407,0.17,0.28,0.0278241354,0.23,0.0499,0.6499999761581421,-1.39999353886,-0.100006,611.541,-0.1538,0.6999,0.950927734375,-0.200019
2024-11-04 08:58:59+00:00,0.930908203125,1.74398e-05,330.05,-0.0297,-0.12,0.889892578125,0.6129,-0.21,1.4126e-05,0.1229,146.39941522200388,-1.8274e-05,0.407,0.17,0.28,0.0277997028,0.23,0.0499,0.6499999761581421,-1.40001165867,-0.0999869,611.541,-0.1538,0.6999,0.950927734375,-0.200019
2024-11-04 08:59:00+00:00,0.930908203125,1.74398e-05,330.05,-0.0297,-0.12,0.889892578125,0.6129,-0.21,1.4126e-05,0.1229,146.39941522200388,1.26705e-06,0.407,0.17,0.28,0.0271545746,0.23,0.0499,0.6499999761581421,-1.40001809597,-0.0999869,611.541,-0.1538,0.6999,0.950927734375,-0.200019
2024-11-04 08:59:01+00:00,0.930908203125,1.74398e-05,330.05,-0.0297,-0.12,0.889892578125,0.6129,-0.21,-5.39659e-06,0.1229,146.39941522200388,-1.8274e-05,0.407,0.17,0.28,0.0268055926,0.23,0.0499,0.6499999761581421,-1.3999979496,-0.100006,611.541,-0.1538,0.6999,0.950927734375,-0.200019
2024-11-04 08:59:02+00:00,0.930908203125,1.74398e-05,330.05,-0.0297,-0.12,0.889892578125,0.6129,-0.21,1.4126e-05,0.1229,146.39941522200388,-1.8274e-05,0.407,0.17,0.28,0.027176799,0.23,0.0499,0.6499999761581421,-1.40001344681,-0.0999869,611.541,-0.1538,0.6999,0.950927734375,-0.200019
2024-11-04 08:59:03+00:00,0.930908203125,1.74398e-05,330.05,-0.0297,-0.12,0.889892578125,0.6129,-0.21,1.4126e-05,0.1229,146.39941522200388,-1.8274e-05,0.407,0.17,0.28,0.0272426728,0.23,0.0499,0.6499999761581421,-1.40000283718,-0.0999869,611.541,-0.1538,0.6999,0.950927734375,-0.200019
2024-11-04 08:59:04+00:00,0.930908203125,1.74398e-05,330.05,-0.0297,-0.12,0.889892578125,0.6129,-0.21,-5.39659e-06,0.1229,146.39941522200388,-1.8274e-05,0.407,0.17,0.28,0.0278369214,0.23,0.0499,0.6499999761581421,-1.40001070499,-0.0999869,611.541,-0.1538,0.6999,0.950927734375,-0.200019
2024-11-04 08:59:05+00:00,0.930908203125,1.74398e-05,330.049,-0.0297,-0.12,0.889892578125,0.6129,-0.21,1.4126e-05,0.1229,146.39941522200388,-1.8274e-05,0.407,0.17,0.28,0.0270280286,0.23,0.0499,0.6499999761581421,-1.40000700951,-0.0999869,611.541,-0.1538,0.6999,0.950927734375,-0.200019
2024-11-04 08:59:06+00:00,0.930908203125,1.74398e-05,330.049,-0.0297,-0.12,0.889892578125,0.6129,-0.21,-5.39659e-06,0.1229,146.39941522200388,1.26705e-06,0.407,0.17,0.28,0.0261243122,0.23,0.0499,0.6499999761581421,-1.39999914169,-0.0999869,611.541,-0.1538,0.6999,0.950927734375,-0.200019
2024-11-04 08:59:07+00:00,0.930908203125,1.74398e-05,330.049,-0.0297,-0.12,0.889892578125,0.6129,-0.21,1.4126e-05,0.1229,146.39941522200388,1.26705e-06,0.407,0.17,0.28,0.0276551868,0.23,0.0499,0.6499999761581421,-1.40000581741,-0.0999869,611.543,-0.1538,0.6999,0.950927734375,-0.199999
2024-11-04 08:59:08+00:00,0.930908203125,1.74398e-05,330.049,-0.0297,-0.12,0.889892578125,0.6129,-0.21,1.4126e-05,0.1229,146.39941522200388,1.26705e-06,0.407,0.17,0.28,0.0265363148,0.23,0.0499,0.6499999761581421,-1.39998698235,-0.100006,611.543,-0.1538,0.6999,0.950927734375,-0.200019
2024-11-04 08:59:09+00:00,0.930908203125,1.74398e-05,330.049,-0.0297,-0.12,0.889892578125,0.6129,-0.21,-5.39659e-06,0.1229,146.39941522200388,1.26705e-06,0.407,0.17,0.28,0.02809491,0.23,0.0499,0.6499999761581421,-1.39997065067,-0.0999869,611.543,-0.1538,0.6999,0.950927734375,-0.200019
2024-11-04 08:59:10+00:00,0.930908203125,1.74398e-05,330.049,-0.0297,-0.12,0.889892578125,0.6129,-0.21,-5.39659e-06,0.1229,146.39941522200388,-1.8274e-05,0.407,0.17,0.28,0.0258847844,0.23,0.0499,0.6499999761581421,-1.39999890327,-0.0999869,611.543,-0.1538,0.6999,0.950927734375,-0.200019
2024-11-04 08:59:11+00:00,0.930908203125,1.74398e-05,330.049,-0.0297,-0.12,0.889892578125,0.6129,-0.21,1.4126e-05,0.1229,146.39941522200388,-1.8274e-05,0.407,0.17,0.28,0.0275787008,0.23,0.0499,0.6499999761581421,-1.40000903606,-0.0999869,611.543,-0.1538,0.6999,0.950927734375,-0.200019
2024-11-04 08:59:12+00:00,0.930908203125,-2.07593e-06,330.049,-0.0297,-0.12,0.889892578125,0.6129,-0.21,1.4126e-05,0.1229,146.39941522200388,-1.8274e-05,0.407,0.17,0.2799,0.0271631032,0.23,0.0499,0.6499999761581421,-1.39999771118,-0.0999869,611.543,-0.1538,0.6999,0.950927734375,-0.200019
2024-11-04 08:59:13+00:00,0.930908203125,-2.07593e-06,330.049,-0.0297,-0.12,0.889892578125,0.6129,-0.21,1.4126e-05,0.1229,146.39941522200388,-1.8274e-05,0.407,0.17,0.28,0.0272155028,0.23,0.0499,0.6499999761581421,-1.40003490448,-0.0999869,611.544,-0.1538,0.6999,0.950927734375,-0.200019
2024-11-04 08:59:14+00:00,0.930908203125,1.74398e-05,330.049,-0.0297,-0.12,0.889892578125,0.6129,-0.21,1.4126e-05,0.1229,146.39941522200388,-1.8274e-05,0.407,0.17,0.28,0.0266297718,0.23,0.0499,0.6499999761581421,-1.39998400211,-0.0999869,611.544,-0.1538,0.6999,0.950927734375,-0.200019
2024-11-04 08:59:15+00:00,0.930908203125,1.74398e-05,330.049,-0.0297,-0.12,0.889892578125,0.6129,-0.21,1.4126e-05,0.1229,146.39941522200388,-1.8274e-05,0.407,0.17,0.28,0.0285867698,0.23,0.0499,0.6499999761581421,-1.40000891685,-0.0999869,611.544,-0.1538,0.6999,0.950927734375,-0.200019
2024-11-04 08:59:16+00:00,0.930908203125,1.74398e-05,330.049,-0.0297,-0.12,0.889892578125,0.6129,-0.21,1.4126e-05,0.1229,146.39941522200388,-1.8274e-05,0.407,0.17,0.28,0.0272839578,0.23,0.0499,0.6499999761581421,-1.40000927448,-0.0999869,611.544,-0.1538,0.6999,0.950927734375,-0.200019
2024-11-04 08:59:17+00:00,0.930908203125,1.74398e-05,330.049,-0.0297,-0.12,0.889892578125,0.6129,-0.21,-5.39659e-06,0.1229,146.39941522200388,-1.8274e-05,0.407,0.17,0.28,0.027986598,0.23,0.0499,0.6499999761581421,-1.4000159502,-0.0999869,611.544,-0.1538,0.6999,0.950927734375,-0.200019
2024-11-04 08:59:18+00:00,0.930908203125,1.74398e-05,330.049,-0.0297,-0.12,0.889892578125,0.6129,-0.21,1.4126e-05,0.1229,146.39941522200388,-1.8274e-05,0.4071,0.17,0.28,0.0289559514,0.23,0.0499,0.6499999761581421,-1.39996266365,-0.100006,611.544,-0.1538,0.6999,0.950927734375,-0.19998
2024-11-04 08:59:19+00:00,0.930908203125,-2.15917e-05,330.049,-0.0297,-0.12,0.889892578125,0.6129,-0.21,-2.49194e-05,0.1229,146.39941522200388,-1.8274e-05,0.407,0.17,0.28,0.0277308632,0.23,0.0499,0.6499999761581421,-1.4000133276,-0.0999869,611.544,-0.1538,0.6999,0.950927734375,-0.19998
2024-11-04 08:59:20+00:00,0.930908203125,-2.15917e-05,330.049,-0.0297,-0.12,0.889892578125,0.6129,-0.21,1.4126e-05,0.1229,146.39941522200388,-1.8274e-05,0.407,0.17,0.28,0.0274772032,0.23,0.0499,0.6499999761581421,-1.39998686314,-0.0999869,611.544,-0.1538,0.6999,0.950927734375,-0.19998
2024-11-04 08:59:21+00:00,0.930908203125,-2.15917e-05,330.049,-0.0297,-0.12,0.889892578125,0.6129,-0.21,-5.39659e-06,0.1229,146.39941522200388,-1.8274e-05,0.407,0.17,0.28,0.0279833858,0.23,0.0499,0.6499999761581421,-1.40001440048,-0.0999869,611.544,-0.1538,0.6999,0.950927734375,-0.19998
2024-11-04 08:59:22+00:00,0.930908203125,1.74398e-05,330.05,-0.0297,-0.12,0.889892578125,0.6129,-0.21,-5.39659e-06,0.1229,146.39941522200388,-1.8274e-05,0.407,0.17,0.28,0.028776873,0.23,0.0499,0.6499999761581421,-1.4000095129,-0.0999869,611.544,-0.1538,0.6999,0.950927734375,-0.200019
2024-11-04 08:59:23+00:00,0.930908203125,1.74398e-05,330.05,-0.0297,-0.12,0.889892578125,0.6129,-0.21,1.4126e-05,0.1229,146.39941522200388,-1.8274e-05,0.407,0.17,0.28,0.0296802606,0.23,0.0499,0.6499999761581421,-1.40000927448,-0.0999869,611.541,-0.1538,0.6999,0.950927734375,-0.200019
2024-11-04 08:59:24+00:00,0.930908203125,1.74398e-05,330.05,-0.0297,-0.12,0.889892578125,0.6129,-0.21,1.4126e-05,0.1229,146.39941522200388,-1.8274e-05,0.407,0.17,0.28,0.0301444206,0.23,0.0499,0.6499999761581421,-1.40000295639,-0.100006,611.541,-0.1538,0.6999,0.950927734375,-0.200019
2024-11-04 08:59:25+00:00,0.930908203125,1.74398e-05,330.05,-0.0297,-0.12,0.889892578125,0.6129,-0.21,-5.39659e-06,0.1229,146.39941522200388,-1.8274e-05,0.407,0.17,0.28,0.0272571312,0.23,0.0499,0.6499999761581421,-1.3999774456,-0.100006,611.541,-0.1538,0.6999,0.950927734375,-0.200019
2024-11-04 08:59:26+00:00,0.930908203125,1.74398e-05,330.05,-0.0297,-0.12,0.889892578125,0.6129,-0.21,-5.39659e-06,0.1229,146.39941522200388,-1.8274e-05,0.407,0.17,0.28,0.0292043432,0.23,0.0499,0.6499999761581421,-1.39999783039,-0.100006,611.541,-0.1538,0.6999,0.950927734375,-0.200019
2024-11-04 08:59:27+00:00,0.930908203125,-2.07593e-06,330.051,-0.0297,-0.12,0.889892578125,0.6129,-0.21,1.4126e-05,0.1229,146.39941522200388,-1.8274e-05,0.407,0.17,0.28,0.0283690756,0.23,0.0499,0.6499999761581421,-1.400000453,-0.0999869,611.541,-0.1538,0.6999,0.950927734375,-0.200019
2024-11-04 08:59:28+00:00,0.930908203125,1.74398e-05,330.051,-0.0297,-0.12,0.889892578125,0.6129,-0.21,1.4126e-05,0.1229,146.39941522200388,-1.8274e-05,0.407,0.17,0.28,0.0286744416,0.23,0.0499,0.6499999761581421,-1.40003049374,-0.0999869,611.541,-0.1538,0.6999,0.950927734375,-0.200019
2024-11-04 08:59:29+00:00,0.930908203125,1.74398e-05,330.051,-0.0297,-0.12,0.889892578125,0.6129,-0.21,1.4126e-05,0.1229,146.39941522200388,-1.8274e-05,0.407,0.17,0.28,0.029171535,0.23,0.0499,0.6499999761581421,-1.40000116825,-0.0999869,611.543,-0.1538,0.6999,0.950927734375,-0.200019
2024-11-04 08:59:30+00:00,0.930908203125,1.74398e-05,330.051,-0.0297,-0.12,0.889892578125,0.6129,-0.21,1.4126e-05,0.1229,146.39941522200388,-1.8274e-05,0.407,0.17,0.28,0.0274882998,0.23,0.0499,0.6499999761581421,-1.40002071857,-0.100006,611.543,-0.1538,0.6999,0.950927734375,-0.200019
2024-11-04 08:59:31+00:00,0.930908203125,1.74398e-05,330.051,-0.0297,-0.12,0.889892578125,0.6129,-0.21,-5.39659e-06,0.1229,146.39941522200388,-1.8274e-05,0.407,0.17,0.28,0.027223793,0.23,0.0499,0.6499999761581421,-1.39999961853,-0.100006,611.543,-0.1538,0.6999,0.950927734375,-0.200019
2024-11-04 08:59:32+00:00,0.930908203125,1.74398e-05,330.051,-0.0297,-0.12,0.889892578125,0.6129,-0.21,1.4126e-05,0.1229,146.39941522200388,-1.8274e-05,0.407,0.17,0.28,0.0258327514,0.23,0.0499,0.6499999761581421,-1.40002012253,-0.0999869,611.543,-0.1538,0.6999,0.950927734375,-0.200019
2024-11-04 08:59:33+00:00,0.930908203125,-2.07593e-06,330.051,-0.0297,-0.12,0.889892578125,0.6129,-0.21,-5.39659e-06,0.1229,146.39941522200388,-1.8274e-05,0.4068,0.17,0.28,0.0279776642,0.23,0.0499,0.6499999761581421,-1.40002465248,-0.100006,611.543,-0.1538,0.6999,0.950927734375,-0.200019
2024-11-04 08:59:34+00:00,0.930908203125,1.74398e-05,330.051,-0.0297,-0.12,0.889892578125,0.6129,-0.21,1.4126e-05,0.1229,146.39941522200388,-1.8274e-05,0.407,0.17,0.28,0.0262701568,0.23,0.0499,0.6499999761581421,-1.40000772476,-0.0999869,611.543,-0.1538,0.6999,0.950927734375,-0.200019
2024-11-04 08:59:35+00:00,0.930908203125,-2.07593e-06,330.051,-0.0297,-0.12,0.889892578125,0.6129,-0.21,1.4126e-05,0.1229,146.39941522200388,-1.8274e-05,0.407,0.17,0.28,0.026099026,0.23,0.0499,0.6499999761581421,-1.40001678467,-0.0999869,611.541,-0.1538,0.6999,0.950927734375,-0.200019
2024-11-04 08:59:36+00:00,0.930908203125,1.74398e-05,330.051,-0.0297,-0.12,0.889892578125,0.6129,-0.21,1.4126e-05,0.1229,146.39941522200388,-1.8274e-05,0.407,0.17,0.28,0.0265132878,0.23,0.0499,0.6499999761581421,-1.4000005722,-0.0999869,611.541,-0.1538,0.6999,0.950927734375,-0.200019
2024-11-04 08:59:37+00:00,0.930908203125,1.74398e-05,330.051,-0.0297,-0.12,0.889892578125,0.6129,-0.21,1.4126e-05,0.1229,146.39941522200388,-1.8274e-05,0.407,0.17,0.28,0.0268984454,0.23,0.0499,0.6499999761581421,-1.4000159502,-0.0999869,611.541,-0.1538,0.6999,0.950927734375,-0.199999
2024-11-04 08:59:38+00:00,0.930908203125,-2.07593e-06,330.051,-0.0297,-0.12,0.889892578125,0.6129,-0.21,1.4126e-05,0.1229,146.39941522200388,1.26705e-06,0.407,0.17,0.28,0.026952484,0.23,0.0499,0.6499999761581421,-1.40000009537,-0.0999869,611.541,-0.1538,0.6999,0.950927734375,-0.200019
2024-11-04 08:59:39+00:00,0.930908203125,-2.07593e-06,330.05,-0.0297,-0.12,0.889892578125,0.6129,-0.21,1.4126e-05,0.1229,146.39941522200388,1.26705e-06,0.407,0.17,0.28,0.028020153,0.23,0.0499,0.6499999761581421,-1.39999961853,-0.0999869,611.541,-0.1538,0.6999,0.950927734375,-0.200019
2024-11-04 08:59:40+00:00,0.930908203125,-2.07593e-06,330.05,-0.0297,-0.12,0.889892578125,0.6129,-0.21,1.4126e-05,0.1229,146.39941522200388,-1.8274e-05,0.407,0.17,0.28,0.02761892,0.23,0.0499,0.6499999761581421,-1.39999520779,-0.100006,611.542,-0.1538,0.6999,0.950927734375,-0.200019
2024-11-04 08:59:41+00:00,0.930908203125,1.74398e-05,330.05,-0.0297,-0.12,0.889892578125,0.6129,-0.21,-5.39659e-06,0.1229,146.39941522200388,-1.8274e-05,0.407,0.17,0.28,0.0287508196,0.23,0.0499,0.6499999761581421,-1.4000146389,-0.100006,611.542,-0.1538,0.6999,0.950927734375,-0.200019
2024-11-04 08:59:42+00:00,0.930908203125,1.74398e-05,330.05,-0.0297,-0.12,0.889892578125,0.6129,-0.21,1.4126e-05,0.123,146.39941522200388,-1.8274e-05,0.407,0.17,0.28,0.0286107832,0.23,0.0499,0.6499999761581421,-1.40001416206,-0.0999869,611.542,-0.1538,0.6999,0.950927734375,-0.200019
2024-11-04 08:59:43+00:00,0.930908203125,1.74398e-05,330.05,-0.0297,-0.12,0.889892578125,0.6129,-0.21,1.4126e-05,0.1229,146.39941522200388,-1.8274e-05,0.407,0.17,0.28,0.0266833568,0.23,0.0499,0.6499999761581421,-1.39999890327,-0.100006,611.542,-0.1538,0.6999,0.950927734375,-0.200019
2024-11-04 08:59:44+00:00,0.930908203125,1.74398e-05,330.05,-0.0297,-0.12,0.889892578125,0.6129,-0.21,1.4126e-05,0.1229,146.39941522200388,-1.8274e-05,0.407,0.17,0.28,0.0301902924,0.23,0.0501,0.6499999761581421,-1.39999353886,-0.100006,611.542,-0.1538,0.6999,0.950927734375,-0.200019
2024-11-04 08:59:45+00:00,0.930908203125,1.74398e-05,330.048,-0.0295,-0.12,0.889892578125,0.6129,-0.21,-5.39659e-06,0.1229,146.39941522200388,-1.8274e-05,0.407,0.17,0.28,0.0284986274,0.23,0.0499,0.6499999761581421,-1.39997506142,-0.0999869,611.542,-0.1538,0.6999,0.950927734375,-0.200019
2024-11-04 08:59:46+00:00,0.930908203125,-2.07593e-06,330.048,-0.0297,-0.12,0.889892578125,0.6129,-0.21,-5.39659e-06,0.1229,146.39941522200388,-1.8274e-05,0.407,0.17,0.28,0.0282163182,0.23,0.0499,0.6499999761581421,-1.40000784397,-0.0999869,611.542,-0.1538,0.6999,0.950927734375,-0.200019
2024-11-04 08:59:47+00:00,0.930908203125,1.74398e-05,330.048,-0.0297,-0.12,0.889892578125,0.6129,-0.21,1.4126e-05,0.1229,146.39941522200388,-1.8274e-05,0.407,0.17,0.28,0.0296851672,0.23,0.0499,0.6499999761581421,-1.39999723434,-0.0999869,611.542,-0.1538,0.6999,0.950927734375,-0.200019
2024-11-04 08:59:48+00:00,0.930908203125,1.74398e-05,330.048,-0.0297,-0.12,0.889892578125,0.6129,-0.21,1.4126e-05,0.1229,146.39941522200388,-1.8274e-05,0.407,0.17,0.28,0.029578243,0.23,0.0499,0.6499999761581421,-1.40001738071,-0.100006,611.542,-0.1538,0.6999,0.950927734375,-0.200019
2024-11-04 08:59:49+00:00,0.930908203125,1.74398e-05,330.048,-0.0297,-0.12,0.889892578125,0.6129,-0.21,1.4126e-05,0.1229,146.39941522200388,2.08082e-05,0.407,0.17,0.28,0.0275337492,0.23,0.0499,0.6499999761581421,-1.40000534058,-0.0999869,611.542,-0.1538,0.6999,0.950927734375,-0.19998
2024-11-04 08:59:50+00:00,0.930908203125,1.74398e-05,330.05,-0.0297,-0.12,0.889892578125,0.6129,-0.21,1.4126e-05,0.1229,146.39941522200388,-1.8274e-05,0.407,0.17,0.28,0.0269629106,0.23,0.0499,0.6499999761581421,-1.39999985695,-0.0999869,611.542,-0.1538,0.6999,0.950927734375,-0.19998
2024-11-04 08:59:51+00:00,0.930908203125,1.74398e-05,330.05,-0.0297,-0.12,0.889892578125,0.6129,-0.21,1.4126e-05,0.1229,146.39941522200388,-1.8274e-05,0.407,0.17,0.28,0.0273476182,0.23,0.0499,0.6499999761581421,-1.39999091625,-0.100006,611.542,-0.1538,0.6999,0.950927734375,-0.19998
2024-11-04 08:59:52+00:00,0.930908203125,1.74398e-05,330.05,-0.0297,-0.12,0.889892578125,0.6129,-0.21,1.4126e-05,0.1229,146.39941522200388,2.08082e-05,0.407,0.17,0.28,0.0284935396,0.23,0.0499,0.6499999761581421,-1.39997076988,-0.100006,611.542,-0.1538,0.6999,0.950927734375,-0.19998
2024-11-04 08:59:53+00:00,0.930908203125,1.74398e-05,330.05,-0.0297,-0.12,0.889892578125,0.6129,-0.21,1.4126e-05,0.1229,146.39941522200388,2.08082e-05,0.407,0.17,0.28,0.0284935396,0.23,0.0499,0.6499999761581421,-1.39997076988,-0.100006,611.542,-0.1538,0.6999,0.950927734375,-0.19998
